over_number,wickets_fallen,batsman_avg,bowler_econ,strike_rate,match_phase,runs_in_over
1,0,42.4,7.35,177.8,0,11
8,4,24.3,9.16,106.8,2,13
7,2,25.7,11.05,133.3,1,13
5,1,20.5,9.21,164.4,1,9
5,0,37.2,9.49,145.0,1,14
9,4,10.0,8.5,118.7,2,12
1,1,24.5,8.38,153.5,0,7
7,1,27.6,7.31,146.3,1,13
3,2,22.7,8.74,140.7,0,11
1,0,34.9,8.31,132.5,0,7
6,1,37.6,9.64,144.3,1,17
10,2,16.7,8.55,133.4,2,15
8,1,44.7,8.92,193.7,2,14
8,2,16.6,8.96,140.2,2,15
8,5,38.3,9.44,137.5,2,23
8,1,29.2,8.87,134.2,2,21
6,1,24.0,8.23,180.5,1,9
2,0,24.7,9.6,112.2,0,9
9,2,27.6,10.78,152.2,2,18
5,1,29.7,9.65,140.2,1,9
6,1,20.6,8.77,116.5,1,6
4,1,26.1,9.35,128.6,1,10
2,2,21.8,7.04,151.3,0,6
10,8,18.3,9.33,127.7,2,9
8,0,21.5,9.02,150.2,2,24
7,2,18.8,8.38,179.6,1,4
5,3,24.6,8.6,148.4,1,13
9,6,27.6,9.01,115.9,2,8
6,1,29.0,10.69,128.1,1,12
5,2,43.8,10.81,139.3,1,18
5,1,27.6,8.39,138.0,1,10
3,0,31.8,8.88,148.0,0,16
1,0,28.1,8.91,151.2,0,11
6,0,34.5,10.47,179.6,1,15
9,4,33.7,9.67,144.9,2,14
1,0,26.7,9.61,145.5,0,10
9,3,29.4,10.14,168.1,2,16
9,3,22.0,8.78,170.3,2,16
3,1,32.9,11.14,149.6,0,15
7,2,13.0,9.5,140.1,1,10
2,2,34.2,8.47,157.5,0,9
8,2,27.8,9.22,140.8,2,16
8,2,24.1,10.98,103.9,2,19
4,0,26.1,8.99,156.3,1,8
1,0,26.7,10.64,162.8,0,16
10,2,38.4,8.75,173.8,2,24
5,2,27.6,8.58,130.4,1,17
9,2,27.6,9.49,149.5,2,12
7,5,23.5,8.45,150.0,1,3
8,4,33.0,10.49,146.7,2,19
8,2,33.4,9.92,147.3,2,9
2,0,20.6,8.45,145.7,0,7
4,0,17.9,9.41,149.2,1,9
5,3,27.5,8.84,159.8,1,13
5,1,34.5,9.92,145.5,1,9
1,0,15.1,11.77,129.9,0,6
6,2,22.2,9.06,141.6,1,9
2,1,32.6,10.14,136.5,0,18
8,0,28.3,9.53,133.7,2,12
7,1,39.3,9.53,112.7,1,19
10,5,16.7,9.3,145.5,2,15
8,0,46.8,8.47,154.6,2,24
4,1,27.6,9.9,141.9,1,11
10,3,11.8,9.15,144.8,2,11
5,4,27.5,8.41,153.4,1,10
4,3,18.9,10.72,173.2,1,9
10,1,27.7,9.62,136.6,2,11
4,1,27.4,9.23,121.6,1,7
1,0,26.4,11.11,143.2,0,14
5,3,21.3,7.3,182.7,1,4
8,3,31.5,11.03,121.8,2,17
2,3,25.5,8.44,158.0,0,6
5,2,36.8,9.75,168.2,1,12
2,0,26.6,8.79,97.7,0,8
7,1,20.3,8.39,153.2,1,11
5,2,14.5,11.08,145.5,1,8
4,2,26.6,11.73,139.7,1,13
3,1,27.6,9.23,132.1,0,9
6,2,17.2,9.9,145.5,1,9
7,2,32.2,9.57,138.4,1,13
10,3,13.8,11.58,139.0,2,9
5,0,39.3,6.96,135.2,1,13
2,0,29.3,9.95,138.1,0,10
9,1,27.6,8.63,168.8,2,15
7,2,19.7,6.67,120.7,1,7
8,5,34.1,9.07,110.0,2,15
1,0,27.6,11.72,169.1,0,15
4,1,27.6,8.71,141.2,1,17
8,1,29.6,10.45,137.2,2,20
9,6,27.6,10.94,142.8,2,11
5,1,14.9,9.48,149.2,1,11
9,4,19.0,9.64,134.5,2,15
9,4,30.8,7.44,155.1,2,12
4,0,28.0,8.64,125.8,1,10
9,1,36.4,10.59,139.0,2,15
3,0,20.6,9.57,100.7,0,9
3,1,32.6,9.94,145.5,0,15
7,1,27.1,9.66,141.5,1,7
7,5,20.5,12.13,158.4,1,12
2,1,31.1,8.98,154.5,0,8
9,2,27.5,11.43,156.0,2,16
2,1,23.0,9.66,144.8,0,11
9,1,28.3,11.53,152.8,2,15
1,1,27.0,8.03,125.8,0,5
8,2,26.8,9.72,121.6,2,19
8,2,24.7,9.03,143.0,2,11
8,4,17.6,9.67,131.4,2,14
7,4,28.6,10.97,173.5,1,13
5,3,21.6,9.95,152.5,1,15
8,2,19.8,10.96,130.7,2,19
3,0,26.1,8.7,139.6,0,16
8,2,33.9,8.51,147.7,2,18
6,3,29.5,9.52,143.6,1,11
5,3,23.8,9.45,150.4,1,13
6,3,23.4,9.28,146.4,1,12
6,3,33.1,8.35,117.2,1,14
1,0,10.0,10.94,102.0,0,8
2,1,34.4,9.49,137.5,0,12
3,0,13.0,11.21,156.2,0,18
2,0,16.7,9.52,137.8,0,7
5,0,23.9,10.28,169.7,1,11
7,0,45.4,10.17,144.1,1,13
7,3,41.4,8.51,172.1,1,15
5,1,33.7,9.94,168.0,1,15
9,3,30.9,11.81,166.0,2,19
6,3,13.1,9.8,120.9,1,10
1,1,29.3,10.58,145.3,0,8
8,4,23.6,10.33,169.5,2,15
6,1,21.5,9.87,150.4,1,6
7,7,29.2,9.72,156.1,1,4
6,2,24.2,10.16,117.2,1,9
6,5,35.0,10.42,183.4,1,19
1,0,12.5,7.88,129.2,0,9
6,2,28.6,9.8,105.1,1,3
8,3,21.0,9.28,138.0,2,16
4,1,24.7,9.03,96.1,1,2
7,2,30.4,11.06,123.3,1,12
1,0,19.1,8.62,196.2,0,11
4,2,29.3,7.83,137.4,1,9
5,1,26.3,10.45,116.4,1,16
10,2,22.7,7.8,145.5,2,4
3,0,24.2,7.19,127.0,0,12
3,1,26.8,10.59,162.3,0,14
5,1,21.9,9.69,127.2,1,13
10,3,27.6,10.07,150.4,2,15
9,2,25.8,8.97,122.1,2,14
1,0,23.1,7.84,197.0,0,11
3,2,40.7,8.08,155.1,0,9
9,3,31.3,9.17,142.1,2,16
1,1,24.9,7.97,139.1,0,3
9,2,27.6,9.87,133.9,2,18
3,0,19.8,8.95,129.8,0,12
10,0,24.5,9.72,129.2,2,20
3,0,25.4,9.69,178.6,0,17
5,1,18.0,9.96,133.9,1,11
7,4,31.1,10.1,102.4,1,9
2,1,24.0,9.09,121.7,0,9
6,2,25.2,9.72,163.6,1,8
6,0,23.5,9.78,140.0,1,15
8,2,51.7,6.59,142.3,2,17
10,3,22.7,10.28,168.4,2,21
7,1,11.5,9.68,129.5,1,14
5,2,15.2,9.49,157.6,1,11
5,5,34.1,9.49,131.6,1,13
5,3,38.7,9.12,156.5,1,7
9,2,22.5,8.19,137.2,2,13
4,0,38.2,10.39,140.2,1,16
2,2,33.9,7.81,161.4,0,8
4,1,26.5,8.39,160.0,1,14
1,1,25.9,9.49,141.7,0,13
2,0,29.4,8.74,145.5,0,8
1,0,35.0,8.39,177.0,0,10
8,3,31.2,10.59,156.8,2,11
8,2,27.6,10.64,137.2,2,12
7,3,26.6,10.37,131.9,1,15
5,1,43.9,10.52,165.5,1,18
8,2,30.0,9.22,147.3,2,14
2,1,35.0,9.25,141.7,0,14
10,1,32.3,8.72,147.3,2,15
6,2,30.2,9.7,151.8,1,14
10,6,28.9,8.87,143.9,2,12
2,1,35.2,8.98,169.1,0,12
5,0,27.6,10.22,170.2,1,11
7,1,27.6,10.92,155.6,1,16
5,0,22.4,9.98,172.5,1,9
5,1,31.1,11.65,145.2,1,18
2,0,27.5,8.65,158.8,0,9
4,1,25.5,7.29,165.1,1,10
3,0,49.4,10.36,165.4,0,21
4,0,15.7,8.57,163.3,1,12
7,3,35.7,9.17,157.6,1,11
7,0,21.1,7.38,184.1,1,5
7,1,29.0,8.42,134.2,1,7
4,2,48.5,7.7,145.5,1,13
10,2,20.3,8.98,140.7,2,11
1,0,22.2,9.03,137.6,0,11
4,1,27.9,9.61,105.2,1,13
2,0,21.2,10.99,172.5,0,16
4,2,35.1,10.31,124.5,1,13
10,7,23.7,7.55,148.4,2,11
4,1,33.2,10.23,116.6,1,15
10,1,17.4,9.63,157.4,2,16
5,1,13.5,9.38,129.3,1,5
7,3,26.2,9.47,122.3,1,4
5,2,15.5,9.75,148.9,1,13
3,0,40.1,8.67,131.0,0,10
8,3,15.8,9.28,133.5,2,11
10,4,19.7,9.49,148.4,2,12
3,2,31.3,8.66,161.0,0,12
8,3,23.3,8.26,128.6,2,9
3,1,15.9,9.43,125.2,0,9
8,1,44.3,8.14,145.5,2,16
8,1,20.0,7.43,155.8,2,13
5,1,26.4,9.09,174.3,1,17
8,2,26.3,11.24,123.6,2,12
3,0,33.7,9.45,138.6,0,17
1,0,31.7,9.71,168.5,0,11
1,0,21.4,6.94,184.5,0,9
5,2,25.4,10.03,125.1,1,17
10,3,26.2,9.61,130.2,2,18
2,0,34.0,8.7,152.6,0,8
5,0,18.7,9.72,133.4,1,14
8,2,44.1,9.7,129.8,2,20
3,3,21.9,8.23,149.9,0,6
8,3,27.9,9.9,176.0,2,15
4,1,18.7,10.94,118.8,1,10
9,2,17.6,9.23,175.0,2,14
6,2,21.0,8.46,133.5,1,8
6,0,27.6,9.29,151.9,1,9
2,0,24.7,10.53,176.8,0,11
5,1,20.2,8.03,151.5,1,6
9,1,33.6,10.19,139.1,2,19
1,0,21.7,8.69,159.4,0,11
8,2,20.8,9.79,141.5,2,10
5,0,24.9,8.82,155.4,1,11
8,0,35.9,8.82,140.9,2,15
7,4,29.7,11.33,162.2,1,13
5,1,27.2,7.81,117.1,1,9
4,4,16.5,10.08,124.7,1,5
7,4,18.9,11.58,116.8,1,9
2,2,17.8,10.32,143.9,0,12
6,1,38.5,7.9,114.4,1,9
1,1,32.2,7.96,131.2,0,4
7,2,21.1,8.6,122.8,1,12
7,1,23.5,9.69,174.6,1,13
1,0,21.4,9.77,125.2,0,12
8,2,20.9,7.97,119.3,2,10
5,2,31.7,8.45,150.0,1,9
8,3,25.7,8.53,178.7,2,9
1,0,44.6,9.28,142.7,0,11
2,0,38.0,11.88,144.2,0,18
5,1,38.5,8.38,170.8,1,10
2,0,33.4,8.33,162.6,0,9
4,1,27.6,8.14,153.5,1,12
7,6,32.8,10.26,133.4,1,9
2,0,25.2,9.45,154.1,0,5
7,2,41.0,8.42,117.8,1,13
2,0,31.2,9.06,145.5,0,8
2,1,30.1,8.55,173.6,0,9
6,2,29.0,9.86,171.0,1,14
8,2,41.9,12.72,153.7,2,17
2,0,16.5,10.16,106.4,0,9
3,0,42.7,9.39,145.5,0,14
10,4,26.5,8.7,131.4,2,7
10,4,27.6,7.89,141.6,2,7
6,0,22.0,10.38,120.0,1,8
5,3,14.8,10.32,140.1,1,9
4,1,33.2,9.49,180.3,1,12
7,0,19.7,10.96,153.0,1,7
6,3,29.3,9.53,145.5,1,7
3,1,37.1,10.43,124.6,0,12
1,0,22.6,9.86,112.2,0,17
2,1,25.9,9.29,120.4,0,7
10,1,17.6,8.35,111.4,2,16
5,0,24.9,9.33,146.5,1,8
5,1,48.6,10.51,152.7,1,21
5,1,34.2,8.89,125.7,1,18
8,3,25.9,10.03,148.0,2,12
1,0,23.1,8.2,174.4,0,10
1,0,27.7,10.44,184.2,0,11
3,1,29.0,9.88,160.4,0,11
5,0,24.6,8.06,141.5,1,13
7,1,32.2,9.23,159.8,1,12
5,1,20.4,10.62,172.0,1,12
5,1,20.3,7.99,145.5,1,8
10,4,31.0,8.21,174.6,2,9
2,2,18.7,9.42,134.1,0,5
6,2,33.8,12.06,134.3,1,12
6,3,27.9,8.69,137.9,1,11
5,0,13.4,10.09,151.4,1,8
9,2,28.9,9.81,122.8,2,24
3,1,14.5,8.79,139.3,0,8
10,6,33.5,9.69,155.5,2,19
4,1,26.0,8.96,149.4,1,14
6,3,42.8,9.07,152.6,1,19
6,2,36.6,7.51,138.5,1,13
9,2,19.5,9.47,158.9,2,9
5,0,11.8,10.58,166.1,1,6
3,0,22.0,9.57,164.9,0,14
1,1,18.2,10.81,153.6,0,10
4,1,42.6,10.2,163.8,1,16
9,1,27.9,9.43,162.4,2,8
1,0,35.5,8.75,198.5,0,14
9,0,25.7,8.92,169.4,2,25
6,0,26.6,7.74,143.2,1,10
2,2,27.7,9.18,126.8,0,12
4,1,36.9,9.68,139.8,1,8
6,1,30.5,11.56,138.4,1,16
4,1,19.5,10.13,155.2,1,13
2,1,41.0,8.46,131.0,0,8
7,1,25.7,7.77,168.8,1,12
7,1,24.4,9.25,117.2,1,14
2,0,10.0,10.47,112.3,0,10
3,0,33.1,9.24,142.3,0,16
3,0,28.8,10.15,128.1,0,12
7,3,28.8,9.28,119.8,1,9
8,0,27.6,10.36,132.3,2,16
8,1,23.4,7.58,129.8,2,15
10,3,25.0,11.43,145.2,2,13
8,3,31.7,8.17,132.6,2,18
4,1,33.1,10.45,134.2,1,11
2,0,26.2,9.17,144.9,0,13
7,4,35.6,9.36,165.3,1,8
10,1,27.4,9.21,174.4,2,19
10,3,24.0,9.81,148.0,2,17
3,2,29.6,10.05,149.5,0,11
3,0,17.1,10.77,141.3,0,8
1,0,29.9,11.19,154.6,0,19
2,1,15.7,9.9,152.8,0,18
6,3,27.6,11.56,171.5,1,11
6,2,11.9,9.61,107.2,1,7
4,1,27.6,10.79,140.3,1,16
4,2,40.9,10.01,151.8,1,17
9,3,27.1,8.84,144.5,2,13
5,2,33.1,9.72,145.5,1,11
9,2,46.8,9.49,119.0,2,17
10,3,31.2,9.46,161.1,2,14
4,2,21.9,10.0,129.9,1,6
3,0,23.0,10.54,109.9,0,13
10,0,28.0,9.47,162.1,2,12
7,0,22.9,5.97,154.2,1,5
3,2,23.5,11.51,142.7,0,10
7,1,35.9,9.14,126.7,1,11
6,2,36.2,8.51,142.7,1,17
10,0,14.8,8.15,169.3,2,14
3,2,21.5,9.1,112.7,0,8
10,1,27.6,8.82,113.7,2,13
10,6,32.8,8.62,132.4,2,12
2,1,37.1,8.68,144.5,0,16
2,0,49.6,10.14,135.1,0,12
6,4,24.3,11.94,157.9,1,4
1,0,27.6,10.48,166.8,0,11
3,0,32.7,10.85,150.6,0,19
5,1,22.5,9.05,156.2,1,13
10,2,26.9,9.63,150.4,2,17
10,2,24.7,9.49,145.2,2,13
2,2,10.0,8.71,119.1,0,6
9,6,29.0,8.99,124.4,2,19
1,0,26.5,10.53,118.0,0,11
8,6,38.2,10.81,145.5,2,20
9,2,28.0,9.58,149.6,2,19
9,1,18.0,8.07,116.0,2,17
3,0,27.6,9.15,146.5,0,14
9,6,11.3,7.77,127.5,2,8
2,0,18.3,9.59,123.6,0,8
6,1,33.1,9.49,132.5,1,8
5,1,26.0,9.18,122.6,1,6
4,2,35.4,9.79,157.1,1,7
1,0,12.3,10.0,141.6,0,12
8,3,26.1,9.81,161.3,2,20
4,1,24.2,8.06,136.1,1,15
7,4,35.6,9.2,136.9,1,14
5,0,33.4,9.99,182.5,1,17
4,0,27.6,11.39,112.5,1,13
9,3,40.3,9.17,170.7,2,21
1,0,25.1,10.16,178.1,0,14
8,1,38.7,10.55,160.3,2,20
8,4,19.6,9.26,138.4,2,13
4,2,19.4,10.88,173.5,1,7
3,0,34.0,10.94,138.6,0,16
1,2,16.0,11.16,130.9,0,4
10,3,32.6,10.05,137.2,2,17
10,0,28.8,12.33,133.6,2,18
3,3,36.6,8.76,126.1,0,17
1,0,27.5,12.05,167.2,0,10
2,2,28.4,10.42,129.5,0,7
1,0,32.1,11.11,144.4,0,13
9,2,22.7,9.12,116.1,2,20
9,1,22.4,10.51,145.6,2,10
2,1,31.8,9.49,121.9,0,21
8,2,27.8,8.2,121.4,2,16
2,0,24.7,9.3,142.8,0,9
4,1,27.3,6.93,145.5,1,4
6,2,27.6,9.29,153.8,1,11
8,7,24.5,9.49,155.2,2,13
9,4,24.2,9.24,142.4,2,15
1,0,14.3,13.01,138.3,0,17
2,0,27.7,11.56,160.8,0,19
3,1,33.3,7.77,133.7,0,9
4,0,34.7,9.49,161.7,1,7
10,3,27.6,10.46,169.7,2,25
8,2,35.6,9.09,128.2,2,18
4,3,33.8,9.71,131.1,1,8
10,1,36.9,9.83,134.1,2,24
5,1,35.9,7.88,115.7,1,10
6,0,40.6,8.26,135.6,1,19
5,3,26.6,9.71,171.0,1,11
2,1,17.4,9.62,124.1,0,11
10,0,33.3,8.65,171.5,2,16
1,0,34.2,8.55,136.3,0,11
2,2,40.6,9.39,187.3,0,15
3,2,38.3,10.56,131.4,0,12
3,1,43.6,9.41,142.1,0,19
2,2,33.0,11.45,126.8,0,10
1,1,29.8,8.67,131.2,0,14
7,1,16.9,9.73,171.8,1,9
10,1,30.5,9.07,154.5,2,8
2,0,23.6,10.21,165.6,0,10
3,0,29.7,8.56,118.7,0,16
6,1,28.4,11.81,158.1,1,12
10,4,31.8,7.47,125.6,2,7
7,2,27.2,11.56,118.3,1,23
8,5,35.5,9.61,149.8,2,17
6,1,10.0,10.16,149.6,1,15
5,0,29.5,11.1,146.1,1,12
2,1,27.6,10.53,159.4,0,15
9,5,43.0,8.62,162.5,2,10
9,2,33.9,10.22,174.4,2,12
1,1,41.5,11.74,121.2,0,12
8,6,29.4,8.44,175.0,2,13
1,0,28.0,12.04,182.6,0,17
8,2,32.2,9.96,137.7,2,15
9,1,28.0,8.98,145.5,2,11
2,2,21.7,9.49,117.3,0,13
5,1,23.9,9.23,135.8,1,8
2,0,19.1,7.15,185.3,0,11
6,1,32.2,9.0,145.3,1,8
10,7,28.1,9.18,145.5,2,8
1,0,25.1,8.21,131.3,0,14
4,3,23.5,10.4,118.5,1,9
10,5,32.0,9.24,162.5,2,16
4,0,34.2,8.74,143.2,1,13
2,1,19.0,9.11,187.0,0,9
5,1,17.7,9.93,157.6,1,9
6,3,35.6,9.59,161.6,1,9
7,3,17.0,8.66,140.2,1,10
4,1,32.4,9.65,123.2,1,22
10,5,40.9,9.44,127.5,2,19
6,2,41.0,8.13,117.6,1,7
3,1,33.9,9.15,163.2,0,17
10,3,33.7,10.2,145.5,2,12
10,6,46.0,10.19,145.5,2,19
5,1,10.0,9.22,147.7,1,10
1,0,24.3,10.31,139.1,0,10
6,3,34.8,8.32,121.6,1,7
6,4,25.3,8.36,151.0,1,10
2,0,37.9,9.2,140.6,0,13
7,3,27.7,11.3,163.0,1,9
9,2,29.1,9.7,130.7,2,17
2,0,25.8,9.17,157.3,0,15
8,1,23.8,11.35,177.8,2,19
2,1,23.6,9.16,150.5,0,10
8,3,30.2,12.18,160.7,2,18
5,2,21.8,8.89,156.4,1,5
1,0,35.6,9.49,183.0,0,8
10,1,33.2,9.3,152.4,2,11
2,0,36.8,9.2,159.0,0,15
6,2,19.0,8.53,144.3,1,3
2,0,14.4,12.62,129.5,0,12
10,3,28.0,9.88,120.8,2,14
8,1,51.2,10.06,170.3,2,28
9,2,38.1,8.95,124.8,2,19
5,1,23.6,8.81,159.9,1,10
5,0,31.4,9.49,153.3,1,13
7,1,33.8,7.49,163.4,1,9
8,3,17.1,8.13,134.7,2,9
9,8,39.0,9.49,129.2,2,18
1,0,26.7,11.12,152.6,0,12
7,0,27.3,9.05,139.2,1,13
2,1,28.2,10.0,120.4,0,12
3,3,37.2,9.53,183.8,0,11
9,2,22.0,11.06,129.2,2,13
3,1,14.3,9.49,125.1,0,7
8,2,30.6,10.38,140.2,2,20
5,0,11.7,9.49,170.1,1,10
3,0,25.6,10.61,101.7,0,10
4,0,37.5,9.49,168.4,1,14
6,2,32.6,9.53,126.8,1,9
8,5,36.3,9.38,150.3,2,25
7,0,33.0,8.3,131.5,1,10
10,7,47.3,7.96,184.8,2,17
9,2,23.3,8.8,147.5,2,11
8,1,31.2,9.66,145.5,2,19
7,1,24.5,8.59,139.0,1,13
3,1,27.6,9.1,146.8,0,11
5,0,27.5,7.24,148.6,1,15
2,0,41.8,9.06,153.8,0,15
4,2,23.8,10.73,145.0,1,15
10,0,39.3,10.35,117.5,2,18
5,1,32.7,9.4,138.2,1,6
2,1,27.7,9.79,157.1,0,12
7,3,32.3,8.51,131.6,1,11
10,6,30.1,9.49,158.5,2,16
9,2,30.8,11.98,145.6,2,15
3,2,26.3,9.7,140.6,0,15
5,1,22.4,12.61,168.9,1,16
6,1,25.3,8.68,110.2,1,9
3,1,14.5,8.0,131.5,0,8
3,1,34.7,8.65,169.6,0,18
3,0,18.1,9.24,181.6,0,8
10,2,26.3,12.27,190.7,2,13
8,3,33.2,9.16,146.0,2,12
9,5,34.7,8.47,145.5,2,18
9,4,13.8,8.42,161.3,2,6
10,1,27.3,10.87,170.5,2,10
2,0,31.7,10.7,151.3,0,15
9,3,28.4,8.92,145.5,2,13
1,0,38.8,7.25,154.2,0,13
5,1,21.4,8.15,155.4,1,12
6,1,11.6,11.57,126.6,1,9
4,0,34.5,10.33,138.4,1,9
2,0,23.7,9.58,145.5,0,9
2,0,13.9,11.74,121.2,0,15
9,1,26.7,11.85,112.0,2,29
4,0,37.8,9.46,136.5,1,9
4,0,17.9,9.48,145.5,1,14
10,3,46.7,8.8,147.1,2,15
2,0,21.3,9.16,156.1,0,7
10,2,28.7,7.72,148.8,2,17
10,5,18.2,7.71,139.9,2,10
6,2,27.6,7.43,126.7,1,10
2,0,26.9,10.8,162.5,0,15
2,0,16.1,7.63,143.0,0,4
3,1,50.6,11.84,136.3,0,15
6,4,24.0,8.62,141.3,1,4
2,1,24.0,11.58,130.3,0,9
5,1,35.8,9.06,145.5,1,9
2,0,42.5,7.62,133.8,0,11
6,2,37.0,11.04,139.3,1,10
1,0,18.4,11.18,158.1,0,10
8,1,29.7,8.41,153.1,2,13
1,0,12.9,9.1,175.9,0,10
2,1,35.2,9.49,169.2,0,13
2,0,14.9,9.36,184.1,0,11
9,1,21.6,9.63,156.2,2,9
1,0,28.0,9.08,155.9,0,9
5,2,31.6,7.32,135.3,1,7
6,2,25.9,8.8,161.5,1,9
6,3,40.2,9.49,131.9,1,17
7,1,33.8,9.25,115.6,1,8
9,1,33.2,9.11,145.5,2,18
4,1,27.6,8.38,120.0,1,13
9,2,41.6,8.77,153.8,2,18
4,1,21.6,11.19,127.4,1,15
10,5,27.6,8.13,167.5,2,23
6,2,44.2,10.36,170.3,1,20
8,1,32.1,9.56,155.6,2,17
9,4,36.3,9.79,169.9,2,10
8,2,10.0,9.49,145.1,2,19
9,2,26.4,9.08,189.7,2,13
6,1,36.8,9.49,159.9,1,7
1,0,35.4,8.88,127.0,0,10
5,0,27.6,9.9,146.4,1,11
2,1,27.6,10.05,141.9,0,12
9,6,10.0,12.11,140.0,2,16
3,0,31.3,9.83,111.9,0,13
3,1,12.9,7.21,152.7,0,8
3,0,37.0,10.9,117.3,0,16
7,0,37.5,9.26,94.5,1,12
6,1,24.2,11.91,138.1,1,15
10,5,32.2,11.27,129.9,2,13
5,2,26.3,8.89,127.8,1,11
3,1,29.9,10.37,82.9,0,14
1,1,18.8,8.79,128.0,0,15
1,0,33.0,9.5,141.5,0,10
4,1,14.9,10.31,132.3,1,14
10,3,13.4,10.84,152.7,2,16
6,3,27.0,10.57,172.9,1,9
9,4,26.3,9.59,155.3,2,15
2,0,30.2,12.48,165.5,0,21
1,0,22.8,9.06,167.2,0,10
9,4,43.1,7.57,124.6,2,9
2,0,27.6,7.8,153.8,0,11
1,0,27.6,11.27,164.9,0,18
5,2,29.6,9.41,136.3,1,4
10,2,36.0,9.69,129.2,2,22
7,3,27.6,8.85,155.6,1,13
1,0,27.6,9.49,115.4,0,17
9,2,33.9,8.56,123.2,2,14
9,7,13.4,10.07,131.7,2,9
9,2,13.7,9.38,154.0,2,9
10,5,27.4,10.02,149.4,2,20
3,0,26.4,9.91,165.6,0,6
10,3,32.6,8.99,126.6,2,13
4,2,28.2,9.49,125.5,1,14
9,2,32.7,9.49,155.5,2,17
6,1,18.0,13.13,129.0,1,13
8,7,27.9,11.27,132.9,2,16
7,1,17.3,11.11,107.9,1,10
7,0,31.1,8.69,150.8,1,8
7,4,13.0,9.51,175.8,1,5
8,7,30.8,8.52,124.4,2,12
8,0,16.2,7.93,165.4,2,14
2,0,24.9,8.79,143.8,0,8
9,2,35.2,11.09,145.5,2,15
6,3,29.8,10.51,127.1,1,14
4,2,14.8,8.34,125.9,1,8
6,1,22.6,9.12,138.7,1,14
10,4,16.0,10.4,153.4,2,12
9,2,14.4,8.81,182.0,2,16
9,2,28.9,9.6,116.4,2,21
5,0,32.5,9.98,135.3,1,16
8,2,31.5,9.97,127.1,2,9
4,0,32.8,9.8,119.6,1,13
7,1,27.9,8.72,146.9,1,15
7,1,25.8,8.84,145.0,1,11
3,1,19.4,8.14,108.7,0,7
3,1,24.5,7.63,145.4,0,10
1,0,17.4,9.36,120.9,0,6
2,2,21.2,10.48,145.2,0,14
5,0,28.7,7.84,170.4,1,11
5,2,27.1,9.83,154.3,1,11
2,0,52.5,10.44,145.5,0,24
5,1,17.2,7.3,134.4,1,8
7,5,27.0,9.18,145.5,1,5
3,0,16.6,11.48,156.3,0,15
4,1,24.9,10.16,154.3,1,8
4,0,25.2,7.26,143.0,1,7
6,1,34.8,10.29,145.5,1,11
4,0,24.4,8.6,118.7,1,7
8,0,26.5,10.33,130.3,2,13
4,1,24.6,8.67,159.2,1,10
5,2,16.8,9.44,161.8,1,12
4,2,22.8,9.49,146.9,1,7
2,0,24.9,9.5,174.6,0,11
7,1,28.6,8.82,155.2,1,9
3,2,32.5,9.23,140.3,0,10
3,3,26.1,8.09,120.6,0,10
8,2,26.0,10.09,173.8,2,19
10,4,14.2,9.71,160.4,2,10
7,0,32.3,7.56,145.5,1,16
10,3,22.4,9.49,188.3,2,18
9,1,34.0,9.49,119.3,2,15
5,0,38.5,9.69,119.3,1,15
8,4,26.5,10.42,87.7,2,7
4,0,19.8,9.89,163.4,1,12
5,0,27.9,10.9,158.1,1,18
6,6,30.8,9.15,147.0,1,14
10,0,25.5,10.74,120.5,2,13
9,0,23.5,9.65,143.2,2,19
5,0,32.5,10.11,148.7,1,16
7,0,32.0,9.98,160.7,1,12
3,0,25.2,10.99,150.5,0,19
9,3,14.8,10.37,158.3,2,14
6,2,31.7,8.97,142.5,1,9
6,1,21.9,9.49,168.6,1,11
8,4,29.7,9.44,157.6,2,14
7,2,29.2,8.59,121.3,1,8
1,0,12.9,8.24,172.8,0,10
3,1,28.6,9.49,169.5,0,13
2,0,32.1,9.49,145.5,0,12
8,1,33.1,11.88,150.6,2,14
1,0,28.9,8.71,178.2,0,9
3,0,27.6,11.78,145.5,0,8
6,2,38.2,9.98,169.8,1,17
7,4,31.3,9.44,135.5,1,6
6,0,18.4,7.7,166.9,1,6
9,4,21.7,9.51,147.4,2,14
10,4,29.8,11.77,120.1,2,16
2,1,33.4,11.37,135.1,0,17
10,2,24.1,9.83,165.4,2,22
7,0,34.6,8.12,140.8,1,13
7,1,13.7,8.35,145.5,1,11
1,0,19.7,8.48,132.4,0,8
7,1,11.5,11.03,145.5,1,11
8,3,20.8,11.46,180.0,2,18
6,5,40.1,9.74,102.2,1,15
1,0,27.6,9.14,201.0,0,16
6,2,29.9,11.36,149.1,1,14
10,1,22.9,8.33,156.6,2,8
8,1,26.2,9.56,136.3,2,15
2,0,31.8,10.06,144.9,0,17
10,3,15.5,8.46,148.9,2,6
10,4,23.4,8.74,124.0,2,16
2,0,39.5,8.64,128.9,0,19
9,4,19.6,11.2,168.7,2,9
5,2,22.0,11.8,114.0,1,9
6,2,28.1,9.64,153.8,1,7
5,0,30.3,9.18,137.6,1,6
8,0,23.0,8.78,125.8,2,17
10,1,28.6,9.5,145.5,2,14
8,4,32.9,8.84,125.9,2,15
10,1,43.7,9.49,122.4,2,19
10,1,27.0,9.49,141.3,2,23
1,0,27.7,9.01,129.6,0,11
3,0,40.2,9.27,145.1,0,20
8,5,23.6,9.28,148.1,2,10
6,2,17.4,9.12,149.7,1,9
1,1,30.0,8.97,142.5,0,12
1,0,36.6,9.49,131.0,0,14
6,1,30.9,7.38,157.9,1,20
7,3,27.2,11.39,142.8,1,12
2,0,16.4,9.66,135.1,0,9
2,0,27.5,10.23,174.6,0,6
2,1,37.9,10.37,142.6,0,16
6,0,18.1,8.65,166.8,1,7
1,0,26.0,8.4,169.5,0,18
6,4,24.9,8.26,170.8,1,8
5,0,22.4,9.2,158.8,1,12
5,0,30.0,10.34,145.0,1,17
7,0,31.5,9.49,143.7,1,10
6,1,31.5,10.23,140.1,1,14
8,3,20.2,6.66,101.7,2,12
8,2,14.8,9.04,159.4,2,12
10,3,30.1,9.49,149.9,2,10
8,2,24.0,9.29,161.5,2,14
6,2,42.7,9.49,145.5,1,17
5,1,43.1,8.71,158.3,1,12
3,1,43.9,5.87,117.4,0,9
6,0,20.5,8.29,121.6,1,10
2,1,32.6,10.77,95.5,0,9
10,5,27.6,8.8,142.3,2,12
9,4,34.1,8.94,129.5,2,14
2,0,25.2,6.7,126.9,0,9
8,2,38.2,7.54,151.7,2,9
2,2,28.0,10.93,136.5,0,8
8,1,29.0,10.24,145.5,2,17
1,0,15.7,7.94,195.9,0,9
5,0,33.2,8.74,144.3,1,11
7,6,25.9,9.46,123.3,1,7
8,1,31.7,8.06,131.6,2,11
5,1,29.9,7.1,141.5,1,11
10,1,29.4,9.31,141.5,2,16
8,1,27.6,10.19,171.0,2,16
3,2,34.3,9.49,143.4,0,8
7,4,26.4,10.55,182.1,1,16
8,1,16.4,7.64,136.4,2,6
4,0,32.6,9.57,153.5,1,12
8,6,21.5,9.18,165.4,2,16
9,1,17.4,9.4,168.9,2,19
9,2,19.8,9.25,171.2,2,14
8,2,30.3,8.71,139.6,2,14
7,0,27.2,5.88,144.9,1,9
3,0,10.9,9.49,95.4,0,10
8,4,24.9,9.9,141.1,2,11
4,3,37.4,7.72,166.8,1,14
6,0,27.6,10.07,162.9,1,9
4,4,26.7,8.96,143.3,1,10
4,2,36.3,9.0,179.0,1,7
2,0,34.4,8.58,137.3,0,19
10,4,36.2,10.14,130.7,2,19
2,0,10.0,9.49,135.6,0,14
1,1,41.9,8.18,122.6,0,11
10,4,33.1,10.86,157.4,2,15
6,5,47.7,9.29,150.8,1,9
5,4,21.7,9.32,157.2,1,11
8,2,13.9,10.33,136.7,2,16
4,1,28.1,8.7,143.8,1,10
2,1,25.8,8.94,101.4,0,16
8,2,33.2,9.87,152.5,2,14
2,1,36.6,7.65,147.0,0,13
6,3,27.3,9.77,123.0,1,6
10,6,26.1,9.49,145.5,2,15
10,7,32.2,10.53,139.8,2,15
4,2,25.9,10.16,180.3,1,10
8,2,25.3,10.0,123.8,2,16
7,2,36.3,7.57,151.6,1,15
5,0,38.1,9.38,123.2,1,16
2,1,36.7,8.09,133.8,0,11
4,0,26.7,9.46,150.5,1,10
7,0,10.9,6.72,140.8,1,2
10,3,26.8,7.65,144.9,2,15
1,0,21.9,10.93,151.7,0,14
8,2,27.0,9.94,135.1,2,14
9,4,27.6,9.08,162.7,2,14
10,3,27.8,8.41,138.9,2,14
5,3,19.7,8.2,145.5,1,4
2,0,17.8,9.74,152.2,0,13
3,0,37.8,9.09,149.5,0,12
9,6,20.2,11.36,157.9,2,10
9,5,28.0,9.28,151.3,2,22
7,3,35.6,9.57,154.4,1,17
2,0,35.3,7.83,138.5,0,8
2,0,34.4,9.07,123.6,0,8
5,1,30.4,9.49,116.4,1,14
6,2,33.8,9.05,111.6,1,11
1,0,39.0,8.92,145.5,0,20
7,6,31.4,9.89,100.7,1,12
6,2,13.3,11.32,168.9,1,16
1,1,23.8,9.67,128.6,0,10
1,1,33.6,10.87,168.7,0,14
5,0,23.0,10.25,100.9,1,17
8,6,41.0,10.8,140.3,2,11
9,3,27.5,8.77,174.1,2,11
5,0,28.7,9.25,159.3,1,8
3,0,37.0,9.26,138.3,0,15
10,1,26.5,10.16,106.1,2,17
5,1,29.4,9.49,118.6,1,11
4,3,35.2,9.65,172.8,1,7
5,1,16.2,10.55,138.0,1,10
1,0,25.7,8.82,143.6,0,8
4,2,34.6,10.56,150.7,1,13
6,3,28.5,10.72,118.9,1,10
10,4,39.7,10.31,153.1,2,17
8,4,15.4,9.66,136.6,2,11
8,3,14.5,10.36,150.9,2,17
6,1,34.2,8.43,133.4,1,8
2,1,34.9,9.74,113.5,0,3
4,0,26.5,9.86,136.5,1,12
10,3,31.2,7.9,157.8,2,13
1,1,34.0,10.07,152.9,0,11
9,1,21.5,8.0,145.6,2,9
7,1,22.3,8.99,163.0,1,17
3,0,29.5,9.55,140.9,0,7
8,1,35.2,8.62,146.1,2,17
9,1,18.7,9.6,135.4,2,10
1,0,26.4,9.58,164.1,0,9
2,3,26.0,9.49,150.8,0,7
7,1,31.3,10.18,133.9,1,11
10,1,27.9,8.58,115.2,2,18
1,0,23.6,12.25,167.1,0,10
7,2,38.0,9.37,130.1,1,12
2,0,23.7,8.09,146.4,0,5
7,4,25.7,8.32,192.1,1,5
7,0,15.3,10.88,161.0,1,22
1,0,22.3,9.49,177.2,0,9
7,1,32.1,7.86,134.2,1,10
9,2,30.6,10.52,166.4,2,17
9,4,32.8,9.0,145.5,2,12
1,0,27.6,10.28,152.3,0,15
3,0,44.7,10.62,185.4,0,16
3,2,22.0,9.83,139.4,0,10
5,1,15.0,12.38,145.4,1,14
2,0,19.6,7.43,126.9,0,6
9,3,22.4,8.52,145.5,2,9
8,1,20.2,9.19,133.8,2,11
9,1,28.7,12.21,165.5,2,20
2,1,38.0,11.66,112.0,0,13
1,0,40.3,11.05,156.0,0,15
10,9,32.0,8.55,132.1,2,11
3,1,45.1,8.69,159.6,0,19
7,4,25.1,8.51,144.7,1,6
10,5,14.9,8.56,134.3,2,9
1,1,36.4,11.29,137.3,0,18
1,0,13.3,9.21,128.0,0,11
1,1,22.0,9.37,145.5,0,13
2,0,32.2,10.43,124.0,0,9
1,0,27.2,7.5,139.7,0,13
9,2,26.5,9.56,151.9,2,14
7,3,18.6,8.18,177.3,1,10
10,1,27.9,9.15,144.8,2,10
9,4,36.0,8.8,140.1,2,16
10,3,28.2,8.73,150.5,2,18
3,1,21.4,9.77,103.5,0,13
3,0,18.0,9.77,121.0,0,13
9,1,21.5,9.24,137.5,2,12
3,1,31.1,9.94,145.5,0,9
1,0,30.7,8.46,113.0,0,16
7,7,21.6,10.32,162.2,1,8
9,1,10.3,9.25,150.2,2,14
10,4,31.4,8.92,147.8,2,21
10,4,20.8,8.55,131.1,2,11
2,0,33.5,9.21,146.6,0,9
8,2,27.6,11.74,155.3,2,31
9,0,20.1,9.42,145.5,2,18
7,1,29.2,8.13,153.9,1,11
9,4,46.9,10.6,129.1,2,26
9,0,34.0,8.93,146.9,2,23
5,0,29.1,9.84,167.8,1,16
1,0,30.9,8.77,169.6,0,12
5,0,14.0,11.04,171.6,1,10
3,0,19.0,8.79,150.7,0,8
2,0,27.6,11.18,145.6,0,7
2,1,41.8,8.24,136.0,0,7
7,3,40.2,9.15,108.9,1,9
6,1,31.1,11.18,118.1,1,21
6,2,29.1,9.7,141.6,1,17
8,4,15.6,12.23,142.8,2,4
6,1,26.2,9.18,173.2,1,15
7,2,42.3,9.81,171.3,1,10
1,0,29.1,11.79,131.3,0,23
9,5,23.5,7.68,161.4,2,14
5,1,13.9,7.53,135.5,1,5
2,1,39.0,8.55,158.7,0,14
9,4,27.4,10.48,161.1,2,17
8,5,13.9,7.57,169.8,2,10
1,0,20.6,10.22,135.1,0,14
2,0,17.8,10.13,165.3,0,16
1,0,26.9,11.92,107.5,0,17
3,0,29.7,10.75,170.9,0,16
1,0,24.0,9.94,144.5,0,10
8,3,34.2,11.13,144.9,2,15
6,1,28.6,10.15,104.3,1,13
10,1,36.5,8.95,137.2,2,14
8,3,25.1,8.13,172.1,2,16
7,2,52.4,8.82,136.5,1,13
6,2,23.5,9.45,159.3,1,12
1,0,20.8,9.71,145.7,0,9
1,0,19.8,6.94,166.3,0,6
7,2,26.3,9.24,148.8,1,14
1,1,14.2,9.53,126.4,0,12
1,0,30.4,10.16,146.1,0,7
3,3,27.6,11.45,177.0,0,14
9,1,29.3,9.72,155.0,2,13
5,3,17.2,8.41,142.7,1,5
8,2,24.9,7.32,190.1,2,19
5,3,32.8,10.32,168.2,1,16
2,0,46.4,8.46,161.3,0,20
4,0,19.4,10.54,151.3,1,13
1,0,26.8,11.18,159.6,0,13
8,2,22.2,7.65,160.3,2,5
2,0,21.0,10.16,101.3,0,15
4,1,22.3,9.49,152.9,1,14
10,7,34.6,10.72,141.8,2,14
6,1,24.1,6.98,135.0,1,7
5,2,46.0,8.48,141.1,1,12
6,1,27.6,9.49,113.9,1,14
8,3,19.9,10.13,145.5,2,17
3,1,25.1,10.0,169.9,0,15
7,1,21.6,6.26,154.2,1,13
9,4,34.4,9.14,96.7,2,10
6,1,14.9,9.49,133.5,1,8
5,1,17.3,9.68,162.6,1,14
2,0,23.3,9.68,139.4,0,7
3,0,33.5,9.06,169.9,0,11
10,1,37.9,8.23,166.0,2,22
6,1,39.0,9.48,117.9,1,14
4,0,32.2,9.56,142.1,1,14
5,1,27.3,10.24,136.0,1,12
6,0,34.4,10.34,117.2,1,10
6,2,18.8,9.6,115.9,1,7
7,3,13.2,10.81,128.9,1,13
3,3,31.5,9.05,132.2,0,11
7,2,20.0,7.77,150.7,1,7
5,1,27.5,10.07,165.9,1,13
10,1,29.0,9.65,155.3,2,16
2,0,30.0,10.1,160.0,0,15
2,0,35.5,7.98,139.7,0,10
5,1,34.7,11.65,157.1,1,18
6,1,29.6,10.35,142.0,1,10
7,1,24.5,9.15,136.2,1,10
5,0,28.9,8.38,182.9,1,8
10,1,23.2,10.79,98.4,2,21
5,0,26.4,9.49,107.5,1,6
2,0,48.9,12.21,152.7,0,24
2,1,29.5,8.76,139.7,0,15
10,3,31.6,11.56,116.3,2,20
2,0,22.4,9.49,123.9,0,8
10,5,36.2,11.4,126.5,2,11
3,0,34.1,8.62,162.8,0,12
1,0,34.1,9.52,169.2,0,18
4,0,29.7,10.47,145.5,1,18
7,0,27.6,10.29,113.2,1,10
5,0,38.2,10.82,117.7,1,19
8,2,30.3,8.92,116.3,2,16
7,3,27.1,9.6,170.8,1,10
5,1,35.2,11.0,153.3,1,14
7,1,20.8,8.65,146.6,1,9
10,2,22.3,9.49,149.6,2,5
5,0,27.6,9.24,143.9,1,12
2,1,14.1,9.75,122.6,0,11
5,2,34.6,9.6,155.3,1,16
9,1,20.3,8.55,141.3,2,10
3,1,24.2,9.19,121.0,0,11
10,3,26.3,9.67,156.5,2,18
6,5,28.3,9.38,136.5,1,8
7,3,25.3,11.39,149.5,1,13
4,1,27.5,10.71,142.5,1,11
10,5,27.5,9.85,162.8,2,14
1,1,24.4,8.58,149.4,0,12
3,0,21.8,8.51,127.3,0,12
5,1,36.7,11.87,151.4,1,19
5,3,11.2,8.29,152.1,1,8
5,2,26.4,9.64,155.2,1,13
2,1,24.2,9.93,165.7,0,13
3,1,31.4,9.13,132.7,0,13
1,2,16.4,8.3,158.4,0,9
6,0,24.0,8.56,110.5,1,8
4,1,27.2,8.84,142.6,1,6
6,2,36.6,8.65,139.5,1,14
6,1,30.7,11.09,174.0,1,13
8,3,18.5,9.49,141.9,2,17
6,0,24.1,8.87,157.2,1,9
7,3,35.1,9.63,109.8,1,5
6,2,18.4,10.3,138.0,1,9
7,2,27.4,9.09,128.1,1,11
7,3,27.9,10.58,194.5,1,16
4,0,24.9,7.97,131.7,1,9
3,0,49.6,9.49,146.5,0,16
8,3,24.7,9.49,147.5,2,17
4,1,27.6,9.44,113.2,1,10
6,3,21.9,8.67,145.5,1,3
2,1,32.2,8.03,153.1,0,6
5,2,35.0,7.5,146.7,1,5
6,4,23.3,8.58,99.0,1,8
7,4,27.6,10.21,145.5,1,10
6,2,20.8,8.35,165.4,1,13
4,4,18.8,7.64,145.5,1,7
10,3,36.3,8.41,169.4,2,21
6,4,23.6,9.04,125.3,1,9
9,2,10.0,9.09,170.6,2,12
8,5,42.1,9.35,144.1,2,18
6,0,21.6,10.74,176.8,1,12
9,2,26.0,11.0,145.1,2,11
2,0,41.1,11.91,104.1,0,21
10,3,26.9,7.55,162.0,2,20
9,3,26.7,8.47,136.1,2,16
6,0,18.2,10.34,145.5,1,13
8,1,14.9,8.96,115.9,2,12
6,1,26.7,10.53,177.4,1,5
3,1,30.9,9.75,134.6,0,18
8,3,30.4,11.4,145.5,2,16
3,0,24.1,10.75,136.4,0,14
4,1,28.2,10.77,126.4,1,18
6,4,13.3,9.01,171.4,1,5
9,7,31.7,9.38,143.5,2,12
4,3,29.3,9.13,143.7,1,13
5,0,43.8,7.69,119.4,1,14
1,0,28.1,11.27,135.8,0,18
2,0,20.5,10.39,153.6,0,13
1,0,27.6,9.09,119.0,0,8
1,0,25.4,11.07,145.5,0,13
9,4,31.5,8.74,136.6,2,14
9,2,28.2,7.29,146.3,2,15
9,1,17.9,10.71,174.6,2,15
1,1,14.9,7.97,139.0,0,15
1,0,30.1,9.27,131.2,0,6
3,2,39.1,9.75,199.9,0,13
6,0,28.6,9.96,145.5,1,14
4,1,34.5,10.52,141.2,1,15
5,2,36.1,10.2,137.8,1,14
2,0,30.1,10.16,139.5,0,12
8,2,21.5,8.55,146.6,2,14
4,0,29.6,9.85,163.4,1,18
1,1,37.7,7.69,153.1,0,11
8,1,32.2,11.37,166.5,2,22
10,2,34.0,7.82,165.9,2,14
1,1,24.3,9.08,149.2,0,12
5,0,26.4,7.92,152.5,1,16
9,3,27.6,8.62,167.2,2,12
8,2,27.6,9.52,122.8,2,13
9,1,37.3,8.87,195.0,2,18
5,4,10.0,10.87,134.7,1,5
4,1,28.2,9.77,138.0,1,20
8,3,27.4,8.94,120.8,2,19
2,0,17.0,9.34,121.4,0,11
3,1,33.4,10.96,164.5,0,13
7,1,22.2,10.59,190.4,1,12
7,2,25.1,8.13,133.7,1,9
2,0,42.8,8.68,151.9,0,12
6,2,36.1,10.07,149.4,1,15
4,2,32.6,9.92,165.0,1,14
6,3,31.0,8.24,189.4,1,17
10,7,26.7,10.4,175.4,2,20
1,0,44.0,8.43,140.2,0,11
10,4,34.4,11.06,155.6,2,11
5,1,22.0,10.14,157.6,1,10
8,2,16.8,8.14,144.6,2,6
5,1,32.5,8.87,123.1,1,7
4,2,27.6,8.84,129.0,1,9
8,0,16.6,9.69,168.0,2,9
7,0,31.4,9.26,170.0,1,8
2,1,25.8,8.13,140.8,0,10
8,3,32.2,7.83,150.2,2,19
8,4,31.5,10.16,168.9,2,11
4,0,23.1,9.84,110.9,1,12
10,2,33.1,9.63,145.5,2,15
7,4,24.0,9.82,185.4,1,13
4,1,24.5,8.76,151.0,1,8
1,0,23.7,9.72,122.4,0,13
7,5,37.0,12.55,147.3,1,11
3,1,25.8,10.91,165.4,0,15
8,2,39.0,9.15,94.1,2,14
6,3,27.6,8.87,148.5,1,13
5,1,22.1,6.07,137.6,1,11
2,0,10.0,10.78,112.2,0,9
8,1,36.4,9.49,146.6,2,16
2,0,25.3,8.85,142.3,0,11
5,0,21.1,7.78,144.5,1,3
9,2,23.3,8.11,138.0,2,14
10,2,24.7,10.03,124.6,2,22
10,6,38.4,9.39,115.9,2,11
10,1,29.3,10.33,131.2,2,10
6,0,38.3,9.6,162.2,1,20
3,3,32.0,10.66,149.7,0,16
9,3,25.5,9.94,143.6,2,7
9,3,24.9,10.49,124.2,2,14
10,2,32.5,6.99,137.5,2,13
7,2,34.6,8.02,159.7,1,14
2,0,36.0,9.06,155.1,0,16
6,1,25.9,10.8,135.5,1,12
5,0,29.4,11.76,92.8,1,18
9,3,32.7,9.49,131.5,2,12
4,1,24.9,8.77,135.3,1,7
4,0,18.9,7.15,126.9,1,8
1,0,21.5,10.54,136.7,0,11
9,3,26.1,8.84,161.3,2,16
8,2,33.3,13.05,144.3,2,17
1,1,38.1,8.61,164.8,0,15
5,2,17.2,12.03,114.8,1,15
5,0,23.2,10.4,145.5,1,8
5,1,25.1,8.27,106.2,1,7
10,3,34.4,9.78,136.5,2,22
2,0,23.8,10.43,124.1,0,11
4,1,24.6,9.23,170.6,1,9
2,1,16.7,10.51,153.2,0,15
3,1,27.6,10.48,165.3,0,15
10,1,26.7,10.22,136.4,2,16
10,2,22.8,9.48,124.6,2,19
1,1,25.9,8.09,124.0,0,9
7,0,37.0,9.41,150.3,1,21
3,0,20.0,9.71,181.2,0,11
2,0,21.3,7.25,153.2,0,9
3,0,38.0,9.7,137.5,0,16
2,0,28.6,9.38,141.2,0,9
5,1,33.4,7.94,144.4,1,9
10,2,31.2,9.1,185.5,2,15
6,0,27.7,9.13,169.7,1,10
8,1,25.2,9.49,150.2,2,16
5,3,34.7,9.76,147.2,1,13
1,0,37.3,10.74,151.0,0,18
1,0,36.7,9.36,154.9,0,13
3,1,18.5,7.25,136.7,0,2
3,0,38.4,10.31,145.5,0,12
9,1,25.1,8.71,165.6,2,17
9,3,22.0,9.1,145.4,2,18
9,3,26.6,8.24,164.0,2,12
7,0,34.6,9.49,177.9,1,23
6,5,32.3,10.78,155.4,1,14
7,1,26.0,9.49,152.2,1,11
5,0,34.7,11.4,209.0,1,13
7,3,29.1,11.57,149.1,1,15
8,2,23.4,7.04,123.2,2,11
8,3,22.3,8.07,139.4,2,14
7,3,31.3,7.33,176.0,1,8
1,0,27.3,10.26,119.1,0,15
8,2,17.0,8.67,130.0,2,11
4,3,34.8,8.91,167.1,1,18
8,3,24.2,9.24,139.6,2,18
6,1,40.7,9.96,142.8,1,14
9,5,16.8,7.72,166.5,2,8
4,0,26.6,7.99,130.7,1,7
10,5,22.4,9.5,115.6,2,15
9,3,20.2,10.94,117.2,2,15
4,1,24.1,9.47,156.6,1,11
5,0,42.2,8.55,150.2,1,19
6,2,29.1,6.92,131.1,1,9
8,2,21.7,10.64,121.8,2,18
7,0,13.4,8.62,139.6,1,8
9,2,14.2,8.12,167.3,2,16
4,1,23.7,7.44,128.3,1,13
6,0,22.9,7.77,131.7,1,10
5,3,26.2,8.35,121.2,1,8
10,4,10.0,9.21,137.7,2,14
4,1,27.3,8.05,151.8,1,16
6,2,36.2,9.72,187.3,1,15
2,0,41.0,9.2,149.4,0,16
9,3,12.8,9.49,143.9,2,14
4,0,21.6,7.45,162.3,1,7
4,0,21.2,9.69,158.9,1,18
6,3,29.2,9.71,133.4,1,13
5,2,18.2,8.26,191.0,1,10
9,1,41.5,9.61,144.5,2,8
6,1,28.3,10.42,149.7,1,10
6,2,27.0,9.62,156.0,1,10
2,2,40.7,11.16,151.9,0,19
1,0,27.9,6.89,175.5,0,9
4,1,31.2,8.49,133.2,1,10
10,2,22.0,11.27,160.7,2,11
10,2,17.0,10.59,148.3,2,11
7,2,23.1,10.15,164.7,1,16
7,2,45.5,10.98,140.7,1,13
4,1,33.1,7.2,138.0,1,6
2,1,30.2,10.45,159.6,0,8
1,0,20.2,10.78,152.2,0,17
4,0,35.3,8.71,128.6,1,17
4,4,17.1,12.66,171.9,1,12
2,1,15.5,9.74,159.7,0,9
3,3,23.5,6.87,143.5,0,6
1,0,43.6,9.96,135.6,0,7
7,2,43.2,8.64,152.3,1,15
10,3,24.4,10.9,158.2,2,12
7,5,27.6,10.16,113.1,1,14
5,2,14.9,8.78,152.5,1,5
5,0,28.6,11.3,158.1,1,14
4,2,29.3,10.63,145.5,1,9
2,1,34.3,8.51,148.9,0,14
6,1,35.3,9.32,158.9,1,17
6,0,26.4,10.12,156.6,1,11
1,0,32.4,9.06,161.0,0,16
5,2,22.4,9.1,138.4,1,7
3,3,32.3,9.54,124.2,0,10
2,1,23.9,8.22,109.0,0,10
8,1,31.7,6.82,166.8,2,16
6,1,31.0,9.79,159.1,1,16
7,2,28.6,9.49,168.4,1,5
8,1,34.4,8.31,130.5,2,17
10,2,15.4,7.37,161.1,2,19
9,1,19.5,9.49,114.9,2,7
7,0,25.8,10.01,127.6,1,11
9,1,16.5,9.23,147.5,2,17
5,3,24.7,9.19,158.3,1,9
10,4,25.0,7.92,178.6,2,8
8,1,38.5,8.71,140.2,2,14
7,2,29.1,9.95,127.7,1,13
10,4,36.2,9.44,126.7,2,18
6,0,30.4,10.49,131.2,1,10
8,3,23.7,10.66,189.4,2,15
3,1,29.1,9.49,160.1,0,9
10,1,33.8,7.28,167.3,2,13
7,0,37.5,8.59,145.5,1,12
8,2,26.9,9.38,145.0,2,18
5,0,14.8,8.57,159.0,1,7
9,1,14.3,8.23,134.9,2,10
1,2,25.4,9.58,139.2,0,20
2,3,10.0,12.42,131.5,0,10
6,1,42.4,8.91,136.1,1,9
8,3,32.8,9.5,146.0,2,16
9,4,22.9,7.93,128.6,2,16
5,2,19.1,10.99,150.7,1,6
7,3,36.2,9.49,150.7,1,10
6,0,19.1,10.47,141.4,1,11
10,1,19.9,9.49,128.5,2,15
7,1,21.9,8.99,147.1,1,13
5,2,28.9,9.14,134.9,1,10
10,4,33.0,11.55,145.9,2,23
2,1,37.5,10.26,167.0,0,14
10,2,36.4,6.84,119.9,2,8
2,0,28.0,10.05,188.5,0,12
3,1,36.2,8.8,143.5,0,11
9,3,22.6,10.58,153.2,2,16
8,3,13.4,9.49,145.5,2,9
10,4,22.6,7.41,167.8,2,16
8,1,21.5,9.82,145.5,2,16
7,1,22.9,9.75,137.1,1,10
4,1,20.3,9.94,133.5,1,18
1,0,24.3,10.19,139.6,0,16
2,0,33.0,11.3,153.4,0,10
3,1,27.6,10.0,148.5,0,16
1,1,14.2,9.53,144.2,0,8
6,1,17.7,10.88,130.8,1,9
8,3,27.6,12.19,129.6,2,20
10,2,34.1,10.6,135.8,2,17
5,3,26.4,9.49,154.2,1,12
9,2,22.2,10.02,158.2,2,20
10,4,33.7,9.81,160.9,2,10
9,1,35.7,9.52,145.0,2,17
5,1,27.8,12.1,152.7,1,11
4,0,21.5,8.6,141.6,1,4
10,1,30.2,10.89,110.2,2,14
3,0,26.1,9.35,140.7,0,13
5,1,26.1,7.72,137.5,1,10
1,2,27.6,9.27,124.2,0,13
8,4,35.4,9.49,133.7,2,19
7,2,30.0,10.19,147.7,1,15
1,0,36.3,9.61,122.3,0,8
3,1,38.7,8.27,130.8,0,12
6,1,31.7,11.27,176.0,1,20
6,3,23.9,10.81,112.9,1,5
9,1,36.3,11.4,141.3,2,14
3,1,31.7,9.78,121.7,0,9
10,4,48.8,9.46,130.0,2,21
5,2,30.5,10.34,141.0,1,14
9,2,33.6,8.81,125.2,2,20
3,0,30.3,9.66,156.5,0,12
1,0,27.2,9.29,172.0,0,24
1,0,25.9,9.49,161.8,0,6
4,2,30.4,9.65,145.5,1,14
10,4,32.2,8.97,117.4,2,14
1,0,37.2,9.21,140.1,0,15
4,3,30.5,9.94,154.3,1,13
2,1,24.3,9.49,162.4,0,14
10,2,25.4,8.48,180.1,2,11
7,0,17.4,9.1,166.4,1,11
8,1,41.3,8.58,162.9,2,19
8,3,23.7,8.5,197.7,2,10
7,1,35.7,8.79,146.9,1,19
8,1,30.2,9.26,139.2,2,16
1,0,30.4,10.2,148.5,0,15
9,4,27.1,9.88,126.7,2,24
8,0,21.7,8.23,146.4,2,20
8,3,20.3,11.05,110.5,2,13
4,0,41.8,10.63,145.5,1,15
9,4,27.6,8.42,142.7,2,15
4,0,37.0,10.97,164.0,1,16
1,0,39.1,9.89,167.2,0,16
10,3,24.7,9.31,125.7,2,12
3,0,31.4,9.93,186.5,0,15
2,1,27.6,9.47,148.0,0,7
7,2,18.7,10.15,149.8,1,7
3,1,26.5,9.72,112.6,0,15
9,1,32.7,9.1,132.6,2,19
5,2,24.0,7.07,166.0,1,7
1,1,25.4,10.13,148.4,0,9
10,2,26.6,9.05,147.2,2,24
6,2,44.9,10.43,149.5,1,16
3,1,13.3,10.08,116.1,0,9
7,2,32.0,9.08,145.5,1,5
6,4,26.0,10.73,173.2,1,11
1,0,22.9,9.75,166.7,0,12
8,4,25.8,9.7,142.5,2,12
5,1,33.3,9.33,176.3,1,10
7,0,33.8,11.52,119.8,1,21
9,3,29.5,8.64,125.6,2,15
7,5,36.7,9.11,182.3,1,12
7,1,38.2,8.02,156.6,1,9
3,2,34.5,10.37,139.2,0,14
3,0,23.6,8.8,143.9,0,12
5,2,32.0,8.94,128.9,1,8
9,4,32.0,8.88,150.5,2,13
6,0,21.5,9.58,148.9,1,10
4,1,15.4,8.0,145.4,1,4
8,3,11.8,6.81,121.8,2,4
9,7,28.6,10.05,150.3,2,16
10,2,30.4,6.96,134.4,2,14
3,1,18.5,10.52,145.5,0,7
8,2,36.4,11.37,170.3,2,23
6,2,29.2,9.3,188.4,1,12
5,0,38.8,11.06,183.9,1,14
4,1,31.0,9.47,145.5,1,12
2,0,19.5,11.42,139.7,0,8
3,0,31.7,8.95,143.6,0,14
6,1,27.6,6.66,153.1,1,9
9,0,23.6,9.4,136.6,2,15
9,2,16.5,11.55,171.4,2,19
2,0,28.8,10.14,104.3,0,12
7,3,20.0,8.88,139.1,1,9
1,0,37.0,9.89,161.0,0,10
7,4,24.7,10.67,128.1,1,8
4,0,41.8,9.4,140.2,1,14
5,1,11.0,12.65,156.9,1,11
8,3,29.1,8.88,145.5,2,16
5,0,39.4,10.7,119.1,1,17
9,4,20.9,10.41,145.5,2,14
6,1,26.7,8.66,126.1,1,5
10,2,27.6,8.99,114.2,2,11
7,2,22.5,10.72,115.7,1,10
3,0,30.0,9.67,125.5,0,10
8,4,17.6,9.91,169.7,2,13
5,1,27.1,7.54,138.8,1,10
6,1,32.1,10.29,145.6,1,14
2,0,26.3,9.84,125.9,0,8
2,0,20.0,9.42,157.7,0,14
6,2,36.2,9.93,182.5,1,8
2,0,33.8,9.01,127.2,0,11
10,7,19.7,8.79,179.5,2,11
9,1,17.6,9.21,152.3,2,12
8,0,20.4,8.94,145.3,2,10
8,1,32.4,12.12,153.0,2,15
6,2,30.2,10.59,152.8,1,12
1,1,34.3,8.34,182.1,0,17
4,2,25.4,11.94,155.4,1,8
5,0,20.6,8.98,155.8,1,7
10,2,35.4,9.54,136.6,2,13
3,1,23.6,10.58,161.8,0,17
5,1,29.5,7.14,125.9,1,11
4,1,15.6,9.22,147.2,1,16
2,0,23.4,8.81,202.7,0,14
2,1,36.1,9.75,94.9,0,13
4,1,22.3,9.94,149.7,1,11
1,0,34.5,9.41,150.4,0,9
1,0,10.0,9.35,140.4,0,3
4,1,23.5,10.78,140.9,1,12
3,0,26.6,9.86,146.8,0,11
6,0,41.9,9.55,140.0,1,15
1,0,18.6,9.68,149.4,0,7
4,0,33.4,11.7,145.5,1,16
5,3,36.5,9.49,185.4,1,13
10,2,22.2,8.88,140.0,2,14
7,2,25.0,7.21,156.4,1,9
9,3,27.6,7.78,131.6,2,10
4,1,16.1,8.94,163.7,1,14
5,0,24.4,9.37,159.7,1,14
5,2,38.2,9.49,153.4,1,11
9,5,32.2,9.92,124.5,2,15
10,3,26.7,8.82,130.0,2,10
10,7,27.6,8.4,178.7,2,10
8,0,32.6,10.24,129.7,2,22
6,3,34.2,11.14,157.8,1,12
6,1,23.5,8.17,126.1,1,10
10,5,40.3,9.79,165.2,2,15
3,3,38.5,7.21,131.3,0,10
4,2,33.4,7.73,125.7,1,10
9,3,27.6,8.79,130.8,2,11
4,1,19.8,10.86,133.9,1,11
3,2,25.4,8.57,153.1,0,6
6,1,28.5,8.52,146.4,1,13
4,2,13.9,9.54,123.1,1,5
9,0,32.0,9.54,144.4,2,20
10,0,38.3,8.56,122.1,2,16
4,0,32.6,11.88,157.9,1,18
6,3,22.6,9.18,161.5,1,11
10,6,21.6,9.64,144.5,2,16
8,1,30.4,9.02,150.4,2,10
3,1,26.8,10.03,180.0,0,13
6,0,31.5,10.98,141.8,1,20
7,0,32.8,11.5,126.1,1,14
7,2,36.7,8.59,156.6,1,17
1,0,18.9,10.82,122.3,0,10
3,2,29.8,10.16,140.8,0,11
9,4,25.1,10.67,133.0,2,15
3,0,27.2,9.39,131.0,0,10
3,0,34.9,9.28,140.0,0,5
4,3,35.8,10.62,163.0,1,8
2,0,39.2,10.65,167.1,0,19
2,0,31.4,11.38,163.5,0,17
4,0,27.1,9.74,151.7,1,15
9,0,26.0,9.37,139.8,2,9
1,0,14.1,6.55,97.8,0,5
3,1,38.7,7.57,152.4,0,11
1,0,25.4,9.03,99.4,0,14
6,0,32.0,8.18,106.5,1,8
3,1,33.4,10.48,141.8,0,16
8,1,18.0,7.93,150.3,2,13
6,4,20.6,9.49,136.0,1,5
8,1,40.4,8.95,175.7,2,13
7,4,30.3,10.95,154.2,1,11
5,1,23.4,8.77,140.0,1,10
9,1,27.0,10.04,172.7,2,22
5,1,36.7,9.73,176.3,1,9
10,0,35.5,10.58,155.3,2,15
10,1,16.3,10.52,129.5,2,21
6,0,41.1,9.46,134.0,1,19
7,0,35.7,7.46,116.1,1,11
3,1,26.8,9.22,144.2,0,5
9,4,18.5,9.48,124.0,2,20
7,0,36.4,9.84,138.4,1,17
10,1,31.8,8.61,150.2,2,12
3,0,16.3,10.87,145.5,0,16
8,1,26.1,9.52,119.7,2,13
5,0,53.0,8.4,134.9,1,15
2,0,28.1,8.95,143.9,0,13
2,0,22.1,11.81,135.1,0,14
6,0,19.9,10.3,139.6,1,11
4,0,42.2,10.76,130.9,1,17
2,0,34.8,9.49,116.0,0,10
5,1,39.3,8.67,134.3,1,13
7,3,30.0,9.49,140.7,1,9
4,1,38.0,9.72,138.8,1,19
10,1,21.2,9.29,147.2,2,12
8,1,29.3,8.91,153.4,2,7
6,1,30.3,9.06,158.6,1,7
10,3,39.1,8.55,132.3,2,17
5,0,30.6,9.28,113.5,1,15
2,0,23.0,10.84,170.4,0,10
1,1,28.5,7.68,152.7,0,9
10,1,14.6,9.92,125.9,2,18
10,6,10.0,11.16,150.6,2,11
8,2,34.7,9.28,166.4,2,17
2,1,25.0,8.87,179.6,0,8
3,0,25.9,10.61,150.0,0,12
1,0,34.6,8.32,166.2,0,9
1,2,39.2,9.47,120.8,0,10
3,4,32.3,8.25,144.3,0,8
6,3,43.4,7.26,138.3,1,7
1,0,32.0,9.32,151.9,0,13
10,4,30.4,7.98,177.2,2,15
5,0,29.9,9.49,150.0,1,14
3,2,17.7,10.84,126.2,0,9
6,2,35.6,11.73,119.7,1,8
8,5,10.0,9.61,177.9,2,9
4,0,23.3,10.72,155.3,1,18
1,0,28.2,9.98,145.5,0,11
1,0,21.7,9.04,138.1,0,13
9,3,24.4,7.19,150.4,2,14
2,2,42.7,11.45,125.3,0,12
7,1,36.8,8.24,152.7,1,14
4,1,22.5,11.16,121.5,1,9
8,2,24.2,10.14,137.8,2,14
1,0,17.8,8.33,132.1,0,11
9,0,33.6,9.87,79.9,2,11
7,3,26.0,12.06,138.1,1,14
5,2,27.6,11.34,127.0,1,6
3,0,28.8,8.88,140.8,0,15
10,3,31.5,9.49,145.0,2,16
4,1,27.6,9.62,180.4,1,24
5,1,27.4,9.3,151.1,1,18
4,0,25.0,10.94,145.5,1,18
3,0,43.9,10.39,145.5,0,17
5,4,28.1,7.47,162.4,1,4
2,0,33.8,10.05,154.1,0,15
1,0,23.7,9.29,150.6,0,8
3,2,33.5,9.54,159.2,0,8
2,0,16.4,9.49,96.5,0,6
5,3,24.3,10.94,145.5,1,13
9,7,18.3,10.67,176.8,2,15
2,0,23.2,8.6,149.3,0,9
1,1,38.0,9.43,116.7,0,3
2,0,27.6,8.96,169.2,0,9
6,0,33.7,7.48,131.1,1,10
3,3,40.1,9.37,155.7,0,10
5,2,27.6,11.71,145.5,1,15
1,0,36.0,7.45,189.5,0,22
4,1,32.2,9.47,116.2,1,7
5,3,28.9,9.43,146.4,1,9
5,1,27.6,9.85,102.6,1,9
6,2,42.7,8.34,144.2,1,13
8,2,22.9,7.79,136.5,2,15
5,1,27.6,7.85,167.7,1,15
9,3,19.9,11.1,136.5,2,15
6,3,36.0,9.49,167.8,1,10
3,1,37.0,8.9,124.5,0,12
3,0,23.7,12.03,139.4,0,17
4,1,10.9,8.62,139.8,1,12
6,1,22.6,9.91,154.9,1,8
3,0,32.4,10.78,152.4,0,16
10,3,27.5,10.72,159.4,2,19
5,0,29.4,7.9,150.3,1,11
9,2,23.8,8.64,158.2,2,20
7,2,36.1,9.86,127.0,1,15
4,2,30.7,11.81,152.8,1,18
3,1,32.7,8.59,177.2,0,13
8,2,27.6,8.91,111.4,2,14
4,1,32.2,10.0,154.8,1,11
3,5,27.6,10.24,158.5,0,9
10,3,20.6,10.32,174.2,2,13
5,1,27.6,8.48,159.5,1,6
1,1,34.3,8.86,147.0,0,10
5,1,37.2,9.76,153.6,1,16
5,0,31.3,11.01,130.3,1,10
9,6,20.3,9.21,137.2,2,9
8,2,21.5,9.47,145.5,2,14
2,1,24.5,8.27,174.7,0,15
2,0,29.5,11.74,145.5,0,15
7,2,27.0,9.69,126.7,1,15
1,0,19.0,10.79,145.5,0,10
4,0,19.0,9.54,168.2,1,16
2,0,11.2,9.6,164.9,0,13
1,0,10.0,7.7,126.4,0,7
10,1,26.9,6.92,82.3,2,9
1,0,27.6,11.0,152.9,0,23
1,0,42.4,9.59,127.3,0,18
10,3,20.2,9.75,157.4,2,11
2,0,29.2,8.0,164.0,0,8
9,1,16.3,8.42,167.3,2,17
1,1,17.5,10.77,145.5,0,13
2,1,18.4,11.59,169.7,0,16
2,0,26.2,8.75,180.0,0,11
8,3,26.5,10.31,172.6,2,9
7,0,27.6,9.73,174.3,1,11
5,1,33.3,9.36,144.2,1,15
3,3,25.3,11.72,119.2,0,8
1,0,28.3,8.96,194.6,0,15
6,2,19.2,10.99,146.3,1,4
3,0,17.2,9.96,169.6,0,10
6,2,16.0,9.48,134.0,1,10
7,2,33.2,11.15,145.5,1,15
9,1,25.3,9.85,145.5,2,9
5,1,13.0,9.38,136.8,1,6
1,0,27.5,11.16,143.0,0,13
3,1,18.0,11.0,154.3,0,14
9,2,27.6,10.94,166.4,2,17
6,1,23.4,4.83,123.1,1,3
7,2,33.5,10.03,158.2,1,8
5,0,36.7,9.75,169.5,1,13
2,1,20.4,9.46,191.9,0,15
9,1,28.6,10.23,159.1,2,22
8,2,32.4,9.81,135.8,2,9
10,4,28.9,10.31,119.6,2,14
9,3,30.9,9.18,181.6,2,13
3,2,17.4,11.3,159.7,0,17
3,2,32.4,10.43,144.6,0,14
3,1,24.1,10.15,112.6,0,19
10,0,30.8,10.09,126.4,2,20
6,4,35.4,10.89,157.6,1,16
5,2,33.4,10.73,152.1,1,13
10,3,30.8,9.36,106.1,2,18
7,1,33.1,10.69,157.7,1,10
10,4,33.5,9.71,113.6,2,17
10,3,40.0,11.8,172.1,2,19
1,0,27.6,10.82,149.2,0,9
4,1,29.3,8.75,135.7,1,17
8,2,35.5,12.3,164.8,2,14
9,2,24.1,9.49,152.1,2,14
2,0,17.3,10.26,171.5,0,18
4,1,27.6,8.66,146.6,1,14
6,0,26.4,11.76,147.8,1,17
8,6,18.3,9.8,139.3,2,12
2,1,32.0,8.55,150.3,0,13
7,3,39.4,9.18,179.0,1,10
3,1,15.0,8.64,134.9,0,6
3,2,27.6,9.13,158.0,0,10
6,3,10.0,9.11,127.4,1,5
5,2,24.8,8.6,103.7,1,12
7,0,42.7,9.82,149.1,1,10
4,3,27.6,9.97,152.4,1,10
9,0,28.7,8.3,142.8,2,12
1,0,34.1,7.51,145.5,0,10
9,2,14.3,9.87,151.1,2,14
1,0,28.6,10.14,150.3,0,13
8,3,28.5,10.38,127.2,2,19
4,2,42.9,10.16,117.9,1,13
4,0,18.1,11.39,140.0,1,9
1,0,24.9,10.7,158.1,0,15
8,3,20.6,12.72,153.3,2,10
2,1,19.7,13.22,127.4,0,19
7,1,37.0,7.39,145.5,1,9
8,2,28.2,6.86,162.7,2,11
9,1,23.6,9.49,121.5,2,15
8,1,23.9,10.11,146.3,2,24
4,0,23.5,9.41,171.8,1,4
8,1,24.2,10.34,119.5,2,20
9,4,17.9,9.18,168.1,2,14
4,1,25.9,8.67,177.4,1,11
2,1,25.1,8.85,140.6,0,10
9,3,21.9,9.26,138.1,2,15
2,1,29.2,10.51,165.7,0,11
6,1,29.9,8.92,141.3,1,10
3,2,23.5,9.15,97.9,0,11
2,1,26.8,10.18,143.0,0,14
8,0,45.3,9.26,154.4,2,20
2,0,45.0,10.84,159.8,0,13
7,1,19.6,8.4,127.4,1,7
7,3,20.7,8.14,139.6,1,9
1,1,19.5,9.87,164.5,0,9
2,1,36.5,9.99,143.8,0,17
8,3,24.8,8.46,114.4,2,7
6,2,29.9,11.11,169.8,1,14
2,1,44.0,11.81,140.7,0,16
10,2,27.9,8.75,166.8,2,15
3,0,33.6,11.28,117.1,0,18
1,0,32.2,6.64,142.6,0,10
10,4,27.6,10.79,155.2,2,14
1,0,36.5,8.47,143.3,0,9
6,3,21.2,10.67,121.3,1,8
10,2,38.7,8.35,97.3,2,17
6,1,23.3,9.42,175.5,1,13
6,0,24.2,8.53,150.0,1,7
4,2,19.3,9.24,168.3,1,11
2,2,20.6,11.7,163.6,0,20
6,5,24.6,9.37,156.9,1,8
9,3,10.0,12.03,138.6,2,12
1,0,26.1,9.04,154.8,0,12
9,1,27.6,11.29,173.7,2,15
5,0,34.3,7.55,146.7,1,7
6,4,31.4,9.16,183.0,1,8
2,1,22.3,8.86,115.0,0,8
7,4,24.3,9.49,112.9,1,6
2,2,26.1,9.72,164.8,0,6
3,1,39.9,9.49,128.6,0,13
8,5,21.4,7.93,185.9,2,12
1,0,22.2,8.28,171.7,0,10
5,3,19.0,10.62,176.8,1,11
6,3,16.1,10.47,162.7,1,10
2,1,30.5,9.14,126.6,0,11
3,1,29.6,8.84,111.8,0,5
4,0,38.3,10.36,145.5,1,9
7,0,27.6,8.14,115.0,1,15
10,5,47.2,10.05,176.7,2,22
9,5,27.4,9.49,158.4,2,16
2,0,25.9,9.17,143.5,0,10
1,0,17.6,9.98,153.8,0,10
1,0,33.6,9.62,154.3,0,13
6,3,28.9,10.1,141.0,1,14
2,2,33.2,7.9,173.5,0,8
3,1,18.9,9.49,172.8,0,10
9,7,30.8,10.73,148.1,2,13
9,2,29.6,9.89,133.0,2,22
9,4,29.1,10.22,171.1,2,11
3,2,22.5,9.37,104.5,0,10
7,4,37.5,10.57,153.9,1,12
7,2,44.4,9.49,159.8,1,10
2,1,19.1,8.12,128.4,0,12
6,2,33.8,10.48,164.5,1,15
6,1,10.0,7.54,144.5,1,4
4,1,33.3,9.84,134.1,1,14
8,3,13.0,9.04,164.3,2,9
7,1,23.8,8.96,123.3,1,16
6,1,17.5,9.71,162.4,1,14
8,3,26.3,8.65,105.4,2,15
8,2,34.7,10.11,150.7,2,14
6,3,13.1,9.57,145.9,1,6
3,0,25.1,8.76,134.2,0,15
8,1,23.9,11.11,152.8,2,14
8,4,40.6,9.75,143.4,2,14
10,4,31.5,10.26,166.1,2,14
2,0,18.6,9.49,156.2,0,14
5,0,24.2,11.18,154.1,1,20
10,4,40.4,10.2,150.8,2,21
6,1,33.7,9.14,135.6,1,8
10,6,20.7,7.78,139.0,2,11
1,0,25.9,9.75,150.0,0,8
1,0,26.1,10.81,141.5,0,11
8,1,23.7,9.93,145.5,2,16
4,0,27.6,5.37,146.9,1,5
6,1,22.6,10.54,152.5,1,15
5,1,39.1,10.62,116.9,1,17
5,1,25.0,9.14,163.9,1,21
10,4,27.2,10.69,133.4,2,12
1,0,29.1,10.25,124.1,0,9
8,1,45.7,8.68,177.9,2,21
9,3,28.1,11.03,159.0,2,16
7,2,36.8,7.98,164.5,1,15
4,1,23.2,9.43,154.1,1,10
2,1,25.9,9.31,143.1,0,8
7,0,28.1,8.51,139.4,1,11
5,1,21.8,9.86,160.6,1,9
2,0,26.4,11.07,167.7,0,16
4,3,35.1,11.0,143.6,1,10
10,2,21.6,10.37,186.5,2,17
3,1,28.0,7.46,141.1,0,9
2,0,33.7,7.9,117.1,0,13
7,1,21.4,9.7,110.6,1,16
2,1,36.8,9.46,111.2,0,13
10,4,28.6,8.9,136.7,2,14
9,3,26.7,11.79,145.5,2,20
10,3,11.9,9.63,158.7,2,17
10,3,25.0,10.15,144.4,2,14
3,0,31.0,10.69,161.9,0,15
3,1,42.0,9.57,145.9,0,13
4,1,32.5,12.61,145.3,1,12
5,3,37.0,8.37,133.4,1,6
9,1,18.3,8.77,173.5,2,11
8,1,27.0,8.37,114.4,2,9
7,3,37.8,11.38,151.0,1,7
9,2,20.9,10.46,141.4,2,9
7,3,35.7,8.85,160.6,1,11
4,1,33.9,8.46,144.6,1,12
5,0,30.2,11.16,145.2,1,11
6,0,25.4,9.93,139.7,1,11
1,0,20.1,11.19,172.9,0,14
8,2,42.2,9.49,145.0,2,16
7,3,33.1,10.11,184.4,1,10
8,1,30.7,9.49,150.4,2,14
6,3,24.7,8.75,145.4,1,6
8,2,28.3,9.33,142.1,2,19
10,5,29.3,8.08,156.3,2,11
6,1,31.2,10.09,133.2,1,9
5,2,33.9,10.41,147.9,1,15
2,0,21.7,9.49,145.2,0,15
8,5,16.3,10.3,151.5,2,11
10,4,28.7,9.35,152.0,2,21
7,1,14.0,11.36,153.0,1,11
9,0,25.4,10.57,146.9,2,11
9,7,23.9,9.49,176.4,2,16
8,1,31.9,11.24,153.5,2,14
6,0,43.9,9.35,197.1,1,16
1,0,12.4,9.97,146.0,0,11
1,1,46.2,10.43,164.2,0,12
3,3,26.1,8.12,130.5,0,10
5,3,30.8,8.15,173.0,1,9
8,2,27.6,7.94,130.9,2,10
5,1,36.0,9.37,154.1,1,7
1,0,28.3,9.1,139.7,0,18
3,0,27.5,7.78,154.0,0,8
10,5,12.5,9.68,140.3,2,11
10,1,28.6,9.39,129.2,2,19
4,3,34.8,10.92,139.6,1,19
9,1,26.1,11.92,175.8,2,11
8,2,37.4,10.05,154.3,2,18
10,3,37.1,8.66,119.2,2,19
9,0,22.9,10.28,166.9,2,21
7,1,40.8,9.51,127.2,1,22
4,3,28.4,9.21,159.9,1,11
7,1,28.4,8.47,156.1,1,11
4,1,28.8,8.94,157.3,1,3
4,1,28.6,9.29,182.1,1,11
7,1,10.0,10.46,128.4,1,12
6,1,26.5,10.11,157.2,1,14
6,0,17.1,11.69,170.2,1,9
4,0,41.0,10.31,132.1,1,21
5,3,40.7,10.01,130.1,1,14
1,0,34.8,9.13,139.3,0,16
7,2,26.1,8.26,151.5,1,13
6,1,19.9,8.82,116.8,1,5
10,2,22.7,8.66,156.0,2,14
6,1,43.5,6.43,116.8,1,9
5,1,22.5,8.29,170.9,1,11
1,0,10.0,11.42,145.5,0,7
2,1,27.6,9.94,183.3,0,8
4,2,40.0,9.05,158.4,1,12
4,2,41.3,9.98,138.9,1,6
4,1,36.3,7.16,129.0,1,14
4,3,37.6,9.84,149.8,1,12
8,2,28.4,11.03,144.4,2,23
2,1,11.4,9.35,168.7,0,20
4,1,28.2,7.37,126.4,1,5
2,1,33.0,9.0,185.4,0,11
4,1,26.9,11.04,170.5,1,11
7,1,26.6,9.81,140.9,1,7
1,0,20.3,7.8,181.0,0,5
4,0,20.0,12.34,129.3,1,14
1,0,42.7,8.0,149.1,0,16
10,2,43.0,9.21,119.5,2,14
8,1,28.0,8.26,181.9,2,8
3,0,30.3,8.26,112.1,0,10
2,0,20.2,8.96,116.2,0,8
1,0,33.1,10.26,132.3,0,20
5,1,42.1,11.05,171.4,1,18
8,2,15.8,9.04,164.1,2,13
6,2,31.7,8.29,147.4,1,6
9,2,32.3,10.07,165.4,2,12
4,0,32.2,10.11,142.7,1,13
3,0,41.1,9.79,153.4,0,6
5,3,27.6,9.83,178.0,1,4
3,0,26.1,9.36,140.1,0,8
10,5,33.4,9.62,129.7,2,15
2,0,28.7,9.28,154.4,0,10
5,0,22.9,10.78,159.8,1,3
6,1,30.2,12.17,147.2,1,19
1,0,33.4,9.72,165.1,0,18
5,3,29.7,9.49,141.0,1,6
5,3,21.0,9.81,147.6,1,12
3,1,24.3,8.71,152.5,0,11
2,2,24.4,10.42,150.7,0,4
1,0,21.3,10.03,177.3,0,18
1,0,30.5,9.0,145.5,0,9
5,3,31.3,10.58,145.5,1,9
1,0,35.8,9.52,155.6,0,10
10,1,21.1,8.34,165.2,2,14
3,2,23.4,9.92,160.5,0,11
7,2,40.4,9.78,145.5,1,11
7,2,26.7,10.65,115.0,1,9
5,1,28.2,10.5,95.1,1,10
9,2,26.6,9.37,170.5,2,10
2,0,37.1,8.93,153.8,0,14
3,1,37.4,9.5,144.6,0,12
3,2,36.9,9.94,158.9,0,16
2,0,28.2,10.08,145.5,0,9
3,1,21.0,9.86,173.3,0,10
4,0,43.4,9.39,164.2,1,12
8,2,34.9,10.7,127.3,2,16
4,0,24.3,8.69,129.9,1,5
9,1,39.4,12.48,97.3,2,18
8,3,23.7,10.42,157.7,2,18
10,3,39.3,8.15,167.2,2,18
2,0,39.8,9.72,168.8,0,14
10,3,20.6,10.43,158.5,2,16
7,1,32.7,9.49,141.9,1,16
10,3,27.6,9.49,133.7,2,13
4,3,48.9,8.25,128.5,1,7
10,1,22.1,9.49,141.7,2,20
6,3,39.5,9.49,125.4,1,18
1,0,28.1,7.76,180.1,0,12
5,0,18.1,10.14,119.0,1,8
2,0,27.0,9.49,141.1,0,15
10,2,28.0,8.67,106.3,2,15
4,3,19.5,8.91,150.9,1,11
3,1,30.5,7.74,145.0,0,11
6,1,35.7,10.08,137.9,1,14
5,3,29.9,8.53,126.3,1,9
1,0,23.7,8.86,145.5,0,10
9,2,26.8,9.92,134.1,2,19
9,0,28.0,9.19,142.3,2,19
8,3,29.7,8.65,184.1,2,14
7,1,36.9,7.11,148.4,1,11
5,0,30.2,9.94,155.7,1,26
6,1,16.8,9.59,135.7,1,10
6,1,23.5,8.88,129.3,1,14
2,0,29.3,8.26,144.5,0,13
1,0,37.0,9.52,195.1,0,8
3,0,38.4,10.08,139.3,0,11
5,2,42.2,9.62,152.2,1,29
2,1,29.0,11.47,128.4,0,8
2,0,34.1,10.35,89.9,0,15
9,2,16.4,9.37,129.2,2,10
4,2,31.4,10.39,192.6,1,14
6,5,19.4,9.56,156.9,1,11
6,3,27.5,9.55,177.8,1,14
8,3,52.2,11.06,138.0,2,12
8,2,30.4,8.42,97.9,2,19
3,2,21.1,9.49,122.8,0,4
9,4,31.3,10.93,152.9,2,11
4,2,23.9,9.87,149.8,1,8
9,3,27.6,9.06,144.8,2,9
5,2,44.8,7.45,134.4,1,3
2,1,36.5,6.78,163.8,0,11
8,3,30.8,11.99,135.0,2,19
1,0,24.9,9.87,151.2,0,11
8,4,25.5,8.8,148.9,2,16
1,0,40.3,9.92,137.6,0,18
3,0,30.5,8.36,127.4,0,8
7,1,10.0,9.1,136.5,1,8
10,7,47.4,8.37,182.5,2,17
5,4,29.5,7.8,167.2,1,14
2,0,30.7,6.97,165.4,0,14
3,0,36.7,7.58,129.3,0,12
9,4,31.7,10.73,116.2,2,17
8,3,34.0,8.32,166.9,2,14
2,1,24.6,10.14,163.1,0,11
4,1,27.6,10.65,147.7,1,6
3,1,30.2,9.52,137.6,0,14
2,1,39.5,9.14,115.7,0,13
9,3,22.8,9.66,162.3,2,11
7,2,22.2,9.0,168.7,1,15
2,0,37.8,10.94,131.4,0,12
7,4,24.3,11.75,129.7,1,14
5,2,24.7,11.24,169.8,1,13
1,1,25.0,6.92,132.2,0,12
5,0,27.5,8.98,180.6,1,9
2,1,15.4,9.5,142.8,0,5
3,0,23.7,10.06,137.3,0,14
9,3,29.8,7.43,145.9,2,15
8,2,29.8,7.41,137.3,2,12
2,0,37.3,11.07,167.5,0,22
9,0,42.7,8.83,162.7,2,24
6,1,40.1,7.72,166.8,1,7
9,4,35.3,8.18,148.7,2,20
8,0,26.8,9.97,135.9,2,10
4,3,23.0,8.51,144.8,1,9
6,0,28.1,9.79,136.5,1,22
6,1,32.7,9.49,174.3,1,17
8,4,34.6,7.41,165.0,2,13
3,1,27.6,11.21,143.2,0,9
4,0,27.0,9.98,126.5,1,11
3,0,34.3,9.1,175.8,0,14
3,0,38.1,8.87,147.7,0,9
2,0,35.0,11.26,142.4,0,15
1,0,27.7,10.21,176.0,0,15
10,2,21.3,10.88,134.8,2,9
1,1,21.1,8.8,138.6,0,10
9,2,22.6,9.56,140.4,2,9
1,1,30.1,9.98,118.7,0,6
8,4,32.2,8.84,151.3,2,13
4,0,16.7,9.39,129.8,1,11
6,4,24.0,8.8,133.6,1,8
3,0,29.9,9.98,130.9,0,15
5,1,20.8,7.91,133.3,1,11
5,3,31.5,10.19,128.2,1,8
6,2,25.5,9.87,149.9,1,11
4,2,22.2,9.26,141.9,1,19
6,2,28.4,10.04,146.0,1,5
9,7,31.1,9.06,192.1,2,10
5,0,21.2,8.7,141.9,1,14
4,2,26.1,10.15,157.1,1,10
2,0,31.7,10.2,159.4,0,13
4,3,21.9,8.89,143.7,1,4
2,2,14.7,8.79,150.5,0,5
2,1,27.6,9.28,145.4,0,7
10,4,24.7,8.84,149.1,2,22
1,1,17.5,11.33,133.3,0,9
5,1,25.2,9.88,135.1,1,17
9,3,41.3,9.52,145.3,2,17
10,3,17.0,8.38,105.6,2,15
2,1,25.7,10.39,174.9,0,12
2,1,45.1,8.77,188.2,0,13
4,1,31.3,8.72,148.4,1,5
6,1,25.1,10.43,158.3,1,12
10,3,26.7,9.96,166.6,2,14
3,0,31.4,6.5,118.5,0,9
2,0,41.6,9.31,163.6,0,15
3,2,23.8,9.65,145.5,0,9
9,3,21.9,9.09,190.8,2,12
1,0,17.0,9.49,141.2,0,4
4,1,28.8,7.33,163.2,1,8
2,0,16.8,6.1,141.4,0,8
2,2,24.3,8.33,188.9,0,4
10,2,20.7,9.84,134.8,2,20
1,0,36.6,5.63,168.3,0,11
4,3,27.6,8.49,157.5,1,12
10,4,31.2,7.19,153.1,2,16
7,2,15.2,9.21,149.6,1,7
1,1,29.1,11.85,131.7,0,9
5,1,27.6,9.24,93.3,1,3
10,3,24.6,9.49,166.5,2,11
5,1,45.7,10.51,135.2,1,12
6,1,35.5,9.53,168.4,1,13
6,0,27.0,9.24,152.0,1,10
7,4,53.6,10.61,169.0,1,24
2,2,20.7,10.07,161.0,0,9
9,4,37.3,9.85,95.7,2,18
10,7,15.7,9.33,157.3,2,15
2,0,27.6,9.08,138.1,0,12
9,1,17.2,10.6,168.3,2,16
9,5,30.1,9.1,145.5,2,16
8,3,28.4,10.98,157.1,2,13
4,0,25.5,8.24,139.6,1,11
5,0,36.7,11.22,126.7,1,19
9,1,23.5,10.07,136.3,2,20
2,0,30.6,8.34,109.0,0,12
9,1,34.6,10.11,133.2,2,21
10,3,16.1,8.72,115.7,2,11
7,0,22.0,9.54,116.2,1,11
4,0,28.4,8.92,147.3,1,13
6,2,33.0,9.34,155.7,1,15
1,0,39.4,10.63,144.4,0,16
10,3,26.3,10.12,135.0,2,14
4,0,25.5,8.15,126.1,1,9
1,0,21.0,8.22,138.7,0,6
8,2,30.6,9.82,128.6,2,14
7,1,25.6,9.91,143.7,1,12
7,3,25.8,8.69,114.6,1,10
1,0,27.2,11.41,159.0,0,12
8,1,32.4,10.48,133.7,2,13
7,3,23.5,8.75,145.5,1,9
8,1,21.8,8.63,162.7,2,19
9,2,31.5,9.23,151.6,2,20
3,1,10.0,9.1,161.0,0,11
3,0,23.2,11.01,103.7,0,16
10,2,18.8,10.68,135.1,2,9
6,0,37.6,9.54,167.1,1,13
5,2,24.5,10.31,155.2,1,16
3,2,27.6,10.49,182.0,0,11
7,2,27.6,9.57,179.1,1,7
8,5,23.2,9.98,145.5,2,18
1,1,24.8,10.21,140.0,0,17
6,3,28.8,10.09,125.8,1,8
10,4,24.6,8.57,135.5,2,13
3,1,24.6,8.69,136.8,0,6
3,1,27.6,9.15,133.1,0,7
9,0,18.8,8.65,126.6,2,13
1,0,28.5,7.73,145.5,0,13
4,3,30.5,10.31,178.9,1,7
5,0,16.6,9.92,163.7,1,10
8,4,34.1,7.89,145.5,2,16
2,0,34.1,9.21,165.3,0,7
5,0,35.8,9.28,151.9,1,15
2,2,30.4,9.72,144.2,0,15
8,2,33.1,8.2,142.9,2,18
7,2,45.5,7.88,141.0,1,12
5,2,25.6,10.12,145.5,1,9
4,1,19.6,7.66,147.8,1,6
2,0,15.7,9.49,130.4,0,11
10,3,42.0,9.11,129.5,2,15
7,3,42.2,9.35,151.1,1,11
4,4,20.6,9.8,153.6,1,4
5,1,22.2,11.42,138.7,1,15
8,1,25.4,9.49,122.4,2,12
8,2,37.8,10.55,170.0,2,18
5,1,17.7,6.49,165.8,1,20
4,2,12.3,11.17,105.3,1,14
7,2,45.3,7.05,171.8,1,14
7,1,30.5,12.42,140.8,1,10
6,2,31.6,9.03,148.8,1,11
1,0,26.4,11.05,167.8,0,13
5,1,31.7,10.8,178.1,1,15
7,0,15.9,8.98,165.1,1,9
10,1,21.3,9.49,149.8,2,13
6,2,28.8,8.5,117.5,1,6
4,1,10.0,10.44,104.5,1,11
6,3,25.6,8.99,162.6,1,9
2,0,25.1,8.52,171.8,0,11
1,1,27.6,10.14,128.7,0,13
7,1,23.6,8.42,139.6,1,14
10,0,20.0,9.11,133.9,2,17
9,5,13.4,9.63,133.3,2,9
6,2,29.2,8.73,166.5,1,13
1,0,25.6,8.91,149.4,0,14
10,5,17.0,11.34,140.4,2,13
5,1,28.5,9.25,198.2,1,14
3,1,25.6,9.07,116.3,0,11
9,2,24.3,9.29,156.0,2,18
8,4,10.7,9.49,124.0,2,10
8,3,33.5,8.26,141.9,2,20
3,1,18.1,10.01,148.0,0,15
10,3,28.5,9.81,161.9,2,19
5,0,21.5,7.35,139.8,1,7
6,2,24.9,11.65,137.7,1,16
8,5,37.2,11.25,139.4,2,15
7,2,32.3,8.54,123.4,1,13
2,0,37.0,8.15,145.5,0,13
4,0,30.6,9.77,150.6,1,12
4,1,31.2,7.79,153.7,1,12
10,2,13.8,11.14,143.6,2,12
8,4,25.5,8.94,141.1,2,10
4,2,26.2,11.45,168.5,1,10
8,5,37.8,8.51,165.4,2,11
8,2,24.0,9.37,173.3,2,10
4,0,30.1,11.02,152.5,1,11
5,6,29.8,9.11,172.1,1,9
9,1,37.3,9.83,136.7,2,22
6,1,26.9,10.81,141.0,1,8
2,0,34.6,8.83,145.5,0,18
8,5,14.4,7.99,161.9,2,12
6,1,15.1,7.75,139.2,1,8
6,1,10.0,10.2,124.1,1,6
8,1,34.3,9.97,140.9,2,20
10,2,33.4,10.77,131.3,2,12
4,1,35.2,9.17,179.5,1,7
5,1,22.6,7.78,160.2,1,11
2,1,27.6,6.68,129.7,0,10
7,3,27.0,12.94,124.1,1,16
5,1,39.5,10.13,129.4,1,8
4,0,41.6,9.66,133.8,1,18
7,2,34.4,9.83,141.7,1,14
5,0,30.6,7.78,167.3,1,9
5,2,38.7,8.55,125.7,1,15
5,3,26.0,11.59,190.8,1,12
3,1,24.9,10.29,126.1,0,10
2,1,27.0,8.58,116.8,0,10
9,0,20.2,8.03,178.8,2,12
1,0,26.6,8.88,145.5,0,14
4,0,19.1,9.12,141.4,1,14
7,1,36.2,11.96,152.6,1,10
2,0,32.3,9.27,153.1,0,10
7,3,39.4,8.07,147.7,1,4
8,3,15.0,9.43,119.1,2,15
7,5,43.2,9.82,95.4,1,11
4,4,15.4,7.96,128.1,1,9
1,0,18.4,9.98,181.3,0,16
9,4,23.0,10.95,182.1,2,28
4,1,38.5,9.67,139.8,1,12
9,1,29.8,8.54,125.8,2,13
2,1,26.0,8.87,150.6,0,12
2,1,21.7,7.51,153.8,0,12
8,6,17.0,9.34,157.0,2,15
10,1,37.1,9.87,94.5,2,17
9,4,34.4,8.42,208.2,2,11
8,7,27.6,11.83,145.5,2,21
3,2,31.2,10.45,141.0,0,16
10,4,10.0,7.35,130.6,2,11
7,1,18.0,7.37,164.7,1,10
2,0,31.7,9.49,154.9,0,12
2,0,25.0,11.39,146.8,0,11
9,2,23.5,10.57,154.2,2,14
3,1,19.2,11.45,142.7,0,11
8,2,35.6,9.51,153.0,2,16
2,1,31.6,9.25,159.5,0,6
3,0,32.0,8.0,151.9,0,12
3,1,22.9,9.92,150.8,0,12
3,4,29.4,9.26,172.9,0,7
7,3,17.3,9.22,113.1,1,4
10,1,27.0,11.44,129.0,2,21
10,1,10.0,9.35,145.5,2,12
8,4,15.5,11.1,130.4,2,15
3,1,25.4,7.59,137.1,0,4
10,8,47.0,12.73,170.8,2,18
6,0,13.6,9.05,142.0,1,10
6,0,27.6,10.35,108.4,1,12
8,1,29.7,10.54,136.5,2,19
8,1,42.2,8.9,146.2,2,10
10,4,29.6,9.49,145.5,2,21
6,0,33.6,10.55,156.1,1,13
7,4,25.3,8.64,154.5,1,10
8,1,23.9,9.49,142.2,2,12
3,1,27.6,9.55,121.1,0,5
4,2,22.7,9.36,136.2,1,14
7,1,33.8,11.17,132.5,1,15
1,0,15.1,10.34,139.3,0,11
4,0,35.1,9.42,158.8,1,11
8,1,28.3,10.23,153.1,2,13
10,5,26.3,7.04,161.5,2,15
6,3,14.9,8.76,137.3,1,8
4,1,20.2,9.85,175.2,1,16
5,2,27.6,10.84,145.5,1,17
7,2,26.3,9.74,147.2,1,10
6,2,30.2,11.25,157.1,1,6
1,0,21.0,10.54,131.5,0,15
6,1,27.8,8.91,102.8,1,16
5,0,17.0,9.33,132.9,1,8
8,1,28.8,9.99,159.9,2,10
9,5,31.0,8.96,146.6,2,14
10,2,30.6,11.34,142.3,2,19
7,3,20.8,9.49,128.0,1,8
4,1,25.3,9.88,105.9,1,8
5,4,32.3,10.38,173.5,1,4
2,1,26.3,9.12,140.8,0,12
10,2,25.7,8.85,136.4,2,15
9,4,43.2,9.49,131.6,2,20
9,3,20.4,10.47,145.5,2,13
4,0,36.6,8.9,162.6,1,14
4,0,18.8,9.49,125.7,1,3
9,2,33.2,9.49,168.3,2,17
6,0,27.6,9.98,142.1,1,15
8,1,23.9,10.71,132.8,2,18
5,2,18.3,10.41,139.1,1,12
5,0,12.2,12.12,129.3,1,13
7,6,23.1,10.84,118.6,1,8
9,3,32.2,8.63,160.5,2,13
4,0,19.4,10.06,140.6,1,12
9,5,28.8,9.49,157.3,2,10
3,1,16.2,8.96,150.7,0,9
5,2,26.1,7.8,156.0,1,13
10,3,18.8,9.16,104.1,2,15
10,2,27.4,10.15,127.7,2,16
10,3,24.0,9.42,156.4,2,18
4,2,18.5,8.18,119.5,1,9
9,7,22.7,7.67,152.5,2,9
10,4,20.5,12.03,117.2,2,18
10,5,17.5,9.89,145.3,2,12
1,0,36.7,8.51,177.2,0,13
8,2,25.1,10.05,160.5,2,12
10,4,10.4,12.13,108.0,2,12
8,0,23.0,10.24,162.0,2,20
3,0,35.3,6.16,181.4,0,13
8,3,21.9,12.68,200.9,2,17
2,0,40.0,7.28,154.5,0,16
5,2,21.1,9.25,117.7,1,14
7,1,32.0,9.49,153.7,1,10
5,1,36.3,8.61,176.9,1,5
7,2,31.6,9.84,141.3,1,4
3,1,17.0,7.01,165.9,0,12
7,2,20.5,9.39,128.2,1,14
7,4,37.4,10.88,152.4,1,17
7,0,21.6,8.49,95.2,1,12
3,2,35.8,7.83,126.0,0,13
4,1,24.6,9.33,144.9,1,3
3,0,29.1,9.09,137.7,0,6
5,3,16.9,8.79,119.0,1,10
6,2,23.1,8.07,135.0,1,9
4,2,21.0,10.12,151.6,1,6
5,0,29.8,10.21,143.3,1,15
3,0,27.6,8.22,146.2,0,6
3,0,31.7,8.39,159.6,0,16
7,1,24.1,9.66,138.1,1,11
9,2,20.6,9.49,172.2,2,9
3,0,29.5,9.71,125.2,0,11
9,2,19.8,11.26,183.6,2,12
6,1,36.6,9.43,145.5,1,12
2,0,27.1,8.04,137.9,0,11
4,2,25.4,9.97,139.2,1,15
1,0,31.7,9.29,149.1,0,16
1,0,27.4,9.32,157.0,0,12
4,2,14.7,10.07,166.9,1,11
5,5,19.5,10.33,118.2,1,8
8,5,36.5,9.54,153.7,2,12
2,0,28.7,9.43,102.7,0,11
9,0,14.5,11.98,141.5,2,22
3,2,30.8,10.94,174.1,0,16
2,0,23.5,10.5,145.5,0,15
7,3,21.0,9.66,145.5,1,6
8,1,18.8,8.29,149.4,2,9
7,3,36.0,10.85,172.7,1,11
2,2,12.3,9.49,145.5,0,8
2,0,21.3,8.81,106.9,0,8
4,2,29.0,9.49,111.3,1,15
5,3,40.6,8.34,147.0,1,10
10,1,32.4,10.77,121.4,2,10
3,0,21.2,10.32,147.7,0,8
2,3,40.2,9.72,148.9,0,9
10,2,17.2,9.45,135.2,2,10
2,0,30.1,8.68,181.3,0,9
1,1,31.9,6.94,156.8,0,10
5,3,21.0,7.8,169.2,1,7
5,3,33.6,8.61,163.4,1,10
7,3,23.9,8.43,142.0,1,7
9,1,33.6,9.85,141.1,2,13
10,2,13.3,10.47,139.0,2,15
3,0,30.7,9.35,158.6,0,13
10,3,24.7,11.19,132.0,2,18
7,4,37.2,8.56,145.5,1,15
1,0,27.6,9.34,130.1,0,7
10,5,38.0,9.44,149.3,2,17
2,0,32.1,10.81,140.4,0,13
6,1,27.0,9.63,136.0,1,15
8,3,34.3,9.66,188.4,2,17
3,2,34.4,7.51,136.2,0,14
3,0,31.8,8.42,138.9,0,11
5,2,10.0,10.82,131.7,1,15
9,1,20.1,7.01,145.8,2,7
3,0,39.1,11.11,143.0,0,18
7,2,18.0,10.1,122.6,1,13
5,1,35.1,8.6,136.5,1,10
2,0,33.7,8.5,157.2,0,14
8,2,22.2,11.78,165.5,2,18
9,3,12.0,11.19,145.5,2,6
6,2,23.4,9.36,145.5,1,15
2,3,44.6,9.66,137.8,0,12
2,0,21.1,9.49,135.0,0,9
5,0,21.6,9.66,126.6,1,10
6,5,20.0,8.69,113.9,1,9
6,2,37.7,9.41,131.0,1,11
3,0,26.1,11.67,163.1,0,9
6,2,23.0,9.39,136.5,1,10
3,0,39.3,8.24,145.5,0,11
7,2,32.6,7.86,137.7,1,12
8,2,20.6,9.65,169.9,2,7
7,1,18.2,8.59,126.4,1,6
1,0,37.3,9.8,150.5,0,9
10,1,28.1,7.56,143.6,2,8
1,0,15.6,10.33,146.4,0,16
10,7,13.7,8.23,149.9,2,6
1,0,27.6,9.56,146.1,0,16
6,2,18.1,9.09,160.9,1,10
2,0,11.6,11.56,144.4,0,11
1,1,19.2,9.71,179.9,0,13
7,2,20.6,11.83,145.9,1,12
8,1,24.3,10.17,110.9,2,21
2,1,41.5,11.21,157.8,0,22
10,4,25.9,9.25,152.8,2,13
4,0,26.7,9.91,145.7,1,11
4,0,27.6,10.96,139.8,1,20
3,0,26.1,9.49,102.7,0,12
5,2,31.2,10.14,106.1,1,11
2,1,30.2,9.49,178.0,0,14
5,4,29.0,9.31,133.3,1,7
3,0,50.1,10.87,164.3,0,22
1,0,35.3,11.12,112.9,0,15
4,1,19.3,8.79,124.1,1,6
7,1,31.0,8.61,158.6,1,9
8,4,21.7,8.42,142.9,2,14
4,0,27.6,10.5,155.8,1,12
4,2,17.0,8.38,144.7,1,9
8,2,19.1,10.48,140.8,2,12
7,2,27.6,10.15,131.4,1,12
9,4,36.0,8.85,121.1,2,18
10,3,32.0,11.38,173.1,2,15
9,2,34.8,7.75,176.3,2,16
10,1,31.0,9.49,124.2,2,21
5,2,29.4,9.88,145.5,1,10
4,1,27.6,7.01,138.0,1,11
4,1,34.5,11.41,151.8,1,17
3,1,36.2,10.67,141.4,0,12
8,3,27.5,8.99,155.0,2,11
8,4,27.1,8.34,144.0,2,9
9,1,40.7,7.62,145.5,2,11
2,0,27.8,12.4,145.5,0,10
5,0,28.6,8.39,134.5,1,4
3,3,31.9,7.98,177.8,0,10
9,5,27.2,9.82,173.9,2,15
3,1,21.4,7.53,145.5,0,8
2,0,27.6,8.32,106.5,0,7
6,4,27.7,10.69,145.6,1,11
9,4,42.7,10.06,134.7,2,16
10,6,34.3,9.04,145.4,2,15
1,0,23.2,9.52,123.7,0,18
4,1,33.8,8.97,160.1,1,10
2,0,30.5,9.43,164.7,0,14
4,0,38.5,8.59,168.4,1,14
6,2,23.8,8.8,137.4,1,14
3,0,29.5,8.77,123.8,0,15
1,0,27.2,8.63,152.0,0,13
6,0,28.5,10.75,180.1,1,13
1,0,20.9,10.42,146.4,0,19
3,0,32.6,8.38,154.0,0,8
1,0,31.3,8.07,140.3,0,10
1,0,38.3,9.31,134.9,0,11
5,3,27.9,12.09,158.2,1,13
9,3,24.7,8.27,142.9,2,18
8,3,34.3,9.31,153.1,2,22
1,0,21.6,9.61,155.2,0,10
1,0,36.7,9.37,152.0,0,10
4,0,36.7,8.95,156.2,1,11
7,3,38.1,10.89,127.9,1,14
8,3,31.0,10.05,126.7,2,15
9,4,27.6,10.51,144.1,2,13
4,1,28.9,10.21,144.6,1,16
2,1,31.0,10.57,134.6,0,16
1,0,23.5,11.4,149.8,0,14
2,3,38.7,11.1,163.2,0,16
1,0,32.6,12.29,168.8,0,15
9,1,20.9,10.96,173.2,2,22
3,2,43.1,8.7,118.7,0,10
9,0,28.8,10.52,121.7,2,21
6,1,19.2,10.35,139.2,1,10
6,1,21.4,11.8,146.6,1,16
5,2,27.6,8.34,140.2,1,11
9,3,42.6,10.17,133.9,2,16
1,0,36.1,8.68,138.9,0,9
1,2,38.6,10.12,154.7,0,21
5,2,37.7,9.24,118.4,1,11
4,1,32.5,10.08,191.9,1,9
6,5,30.6,7.81,145.4,1,11
8,2,32.3,10.45,166.0,2,18
6,3,33.9,9.75,133.4,1,8
3,1,22.1,9.68,156.5,0,7
4,2,33.9,11.84,147.0,1,10
8,5,39.7,9.04,162.1,2,20
3,0,26.3,9.49,141.0,0,15
6,1,25.5,9.62,176.0,1,13
6,2,31.8,9.74,115.2,1,14
8,5,22.8,12.17,164.0,2,12
8,0,17.5,9.58,147.4,2,14
5,3,27.6,8.82,124.6,1,11
4,0,24.4,11.75,184.0,1,9
4,1,27.6,9.13,182.0,1,13
5,2,23.1,9.49,103.5,1,11
3,0,38.2,8.61,148.5,0,12
7,1,34.8,8.0,159.1,1,5
3,2,27.6,7.34,153.8,0,8
7,1,27.6,9.06,175.3,1,8
8,4,25.2,9.42,171.2,2,20
10,5,32.6,10.92,145.5,2,22
2,0,29.5,10.26,190.5,0,13
8,5,28.9,10.2,163.7,2,24
1,1,29.7,8.43,138.0,0,9
4,1,34.1,10.56,134.0,1,12
2,0,27.7,11.17,169.9,0,16
2,5,31.6,9.97,129.1,0,8
2,1,20.1,10.01,136.8,0,11
1,1,48.4,7.98,140.2,0,14
9,3,25.7,10.77,152.1,2,16
1,0,29.6,11.64,141.1,0,7
4,1,32.5,9.89,145.5,1,14
7,2,24.7,8.79,168.2,1,12
10,3,28.1,9.31,136.9,2,11
9,4,28.0,9.0,185.4,2,13
2,0,20.7,9.07,151.1,0,17
10,4,31.5,10.28,170.3,2,15
7,1,27.6,9.49,157.6,1,10
2,0,42.0,10.7,171.3,0,15
5,0,34.3,9.95,156.4,1,20
10,4,33.1,8.46,149.7,2,8
4,1,14.1,8.9,166.9,1,8
2,0,21.7,8.82,194.7,0,14
9,2,39.1,9.28,139.6,2,18
10,2,61.2,11.65,160.9,2,18
10,3,37.6,11.85,144.9,2,14
10,4,36.3,10.5,155.1,2,16
9,5,32.2,9.64,145.8,2,19
5,2,21.2,7.87,101.8,1,7
2,0,36.0,9.76,145.5,0,16
7,5,19.2,8.55,165.0,1,5
3,1,18.3,11.46,129.7,0,17
5,0,17.8,7.57,163.4,1,6
7,2,35.8,9.96,148.7,1,9
10,3,27.5,8.45,141.2,2,17
3,0,28.8,9.49,163.1,0,9
3,1,27.9,10.3,158.6,0,10
8,2,19.0,10.73,153.4,2,19
1,0,22.6,9.43,165.3,0,7
6,0,23.0,10.41,149.1,1,14
8,3,16.8,8.71,112.1,2,12
6,2,24.0,9.79,137.4,1,10
4,1,19.3,10.7,108.9,1,8
9,2,32.6,9.9,158.1,2,10
4,4,33.3,8.86,162.9,1,7
8,2,17.7,9.17,163.8,2,10
5,2,25.6,10.72,154.8,1,10
1,0,42.8,8.19,164.4,0,9
6,2,20.2,8.37,113.5,1,8
1,0,31.4,10.22,142.8,0,13
10,3,28.8,8.97,116.7,2,20
7,4,36.7,7.76,137.8,1,12
4,0,30.4,11.12,177.3,1,11
5,2,24.5,9.49,166.9,1,17
7,2,28.5,9.26,158.2,1,15
3,2,28.7,8.76,141.4,0,7
3,1,27.3,9.14,125.1,0,11
5,1,17.4,8.44,148.7,1,8
3,1,37.9,10.36,167.2,0,13
8,3,36.5,9.63,153.2,2,19
2,2,19.6,10.68,113.3,0,10
9,3,25.6,8.77,147.1,2,21
4,2,26.2,12.06,106.7,1,3
6,2,18.7,7.21,145.5,1,7
2,1,13.1,7.6,131.1,0,7
4,0,27.6,11.6,145.5,1,14
8,2,25.1,10.07,161.4,2,10
3,1,16.5,9.91,156.2,0,10
2,1,27.6,10.02,149.6,0,7
6,1,37.3,10.19,188.8,1,25
2,1,34.7,9.86,157.7,0,15
4,0,27.0,8.34,132.1,1,12
5,3,13.3,10.48,155.4,1,10
6,0,33.7,10.29,139.3,1,12
7,3,29.2,11.21,170.3,1,13
7,1,31.4,11.62,150.6,1,13
9,1,43.5,9.9,152.6,2,19
1,0,21.4,8.03,116.2,0,7
4,0,10.0,11.63,146.2,1,12
1,0,19.6,8.28,143.9,0,12
1,0,31.9,9.91,124.5,0,11
3,0,28.2,9.19,140.6,0,7
6,4,18.3,8.98,153.7,1,5
9,0,16.6,10.42,144.9,2,12
8,2,25.2,9.79,116.8,2,15
7,1,18.0,10.12,139.5,1,20
8,3,32.2,8.52,135.6,2,13
2,1,24.7,9.29,148.9,0,10
9,1,23.0,8.58,146.7,2,8
9,2,21.9,9.26,136.8,2,15
1,1,30.1,9.36,136.0,0,11
5,2,28.3,9.49,146.3,1,10
9,4,29.6,9.19,164.3,2,13
5,1,29.4,6.95,150.6,1,3
9,2,27.4,11.17,173.5,2,20
10,4,27.6,10.04,167.7,2,10
5,3,22.2,9.49,145.5,1,13
1,1,24.8,8.98,172.4,0,15
4,1,44.5,9.49,176.3,1,22
3,0,17.2,11.83,121.9,0,13
5,1,27.6,9.56,157.9,1,13
6,2,27.6,7.41,169.4,1,11
5,0,25.6,9.89,173.0,1,17
2,0,36.6,10.95,129.6,0,13
4,1,25.5,9.69,158.1,1,12
7,1,26.1,8.42,146.5,1,12
1,0,34.5,8.31,181.9,0,7
3,1,42.5,8.4,117.3,0,18
9,4,39.3,11.33,129.6,2,16
1,1,26.9,9.41,108.8,0,8
5,2,27.6,7.49,147.9,1,10
3,2,28.4,9.96,190.3,0,6
2,2,29.2,9.67,144.1,0,15
5,1,21.2,8.96,147.0,1,9
6,1,35.5,8.28,156.0,1,14
2,0,29.7,9.49,142.7,0,11
1,0,27.6,10.8,152.3,0,6
2,1,17.8,9.8,152.8,0,16
7,3,28.5,10.07,128.1,1,13
9,0,12.9,9.79,143.1,2,17
2,1,23.3,9.49,159.8,0,11
4,1,23.5,8.94,163.6,1,7
4,5,30.3,9.25,171.0,1,6
4,4,43.0,10.9,151.7,1,15
3,0,32.6,11.2,152.1,0,15
1,2,39.6,8.03,160.0,0,7
6,3,33.2,9.25,133.1,1,17
4,1,37.0,10.51,132.3,1,14
4,1,42.9,11.76,142.5,1,14
3,1,22.1,11.64,119.5,0,13
10,4,21.6,8.55,153.1,2,11
7,5,33.4,11.03,166.0,1,10
5,3,28.0,9.57,130.8,1,16
3,0,29.8,10.75,153.7,0,15
9,3,26.0,10.45,132.4,2,13
9,2,27.6,7.98,124.7,2,14
1,1,41.0,10.16,186.1,0,16
10,2,19.2,10.71,125.0,2,25
7,4,33.5,9.48,119.4,1,8
1,0,32.2,9.2,149.3,0,15
8,1,15.4,7.61,150.4,2,10
2,1,21.4,10.32,158.3,0,11
1,0,22.7,9.75,185.0,0,7
2,0,27.6,8.39,129.5,0,7
5,1,25.1,9.11,133.4,1,9
7,4,27.3,9.69,177.2,1,11
5,4,16.3,8.83,163.8,1,4
2,2,46.6,9.5,161.0,0,19
2,2,28.6,7.4,133.2,0,11
9,4,32.0,11.12,167.5,2,18
10,4,23.7,9.52,161.1,2,12
8,1,22.8,8.18,148.8,2,10
2,1,27.6,6.55,133.3,0,9
9,2,12.7,10.73,147.1,2,19
7,2,30.2,10.17,178.0,1,15
6,3,18.3,9.75,123.1,1,11
2,1,24.8,10.54,129.0,0,18
10,4,22.9,10.53,132.4,2,14
5,1,20.1,9.73,136.8,1,8
1,0,28.3,9.19,145.5,0,10
3,0,10.0,9.0,164.2,0,11
5,2,25.5,10.01,154.2,1,7
1,1,27.3,11.18,146.2,0,13
4,1,17.1,9.38,150.5,1,9
5,1,40.1,11.27,157.5,1,16
10,4,23.2,9.95,111.4,2,27
1,0,26.1,9.96,166.4,0,12
6,3,23.3,12.39,128.5,1,12
10,3,27.3,11.48,136.1,2,23
9,4,38.5,11.51,145.5,2,21
10,3,47.8,8.54,143.5,2,14
2,1,34.0,12.13,154.7,0,17
9,4,36.7,9.4,147.8,2,13
10,5,41.7,9.23,139.2,2,12
4,0,30.0,6.91,175.6,1,7
5,2,40.6,9.89,159.2,1,15
6,1,34.3,8.2,145.5,1,9
5,1,29.2,9.99,158.9,1,15
3,1,30.8,8.11,130.9,0,5
10,2,13.4,11.66,188.5,2,11
10,7,30.3,10.16,123.2,2,16
4,0,15.7,12.24,147.3,1,16
9,3,15.0,8.27,139.3,2,7
4,0,29.5,11.36,138.5,1,12
8,4,19.1,7.34,135.9,2,13
6,3,27.9,9.75,129.6,1,9
5,1,29.1,8.74,168.8,1,14
2,2,29.5,8.96,120.9,0,8
7,2,20.8,8.88,164.7,1,9
4,2,35.2,8.4,158.0,1,5
3,0,27.3,7.99,137.4,0,7
2,1,31.5,8.97,155.7,0,12
10,5,27.6,9.64,141.8,2,10
2,2,26.6,10.9,123.0,0,11
8,2,36.8,9.85,123.2,2,20
9,1,35.8,10.9,158.1,2,19
1,1,21.6,7.73,157.1,0,10
6,2,23.6,8.98,149.8,1,11
6,1,20.1,10.35,145.5,1,7
4,2,22.7,9.91,141.2,1,12
7,3,27.6,8.47,138.5,1,10
5,0,26.9,10.62,110.1,1,16
5,2,33.1,8.86,146.2,1,16
5,2,21.7,8.57,155.4,1,12
9,3,27.3,10.08,146.4,2,16
7,1,26.2,9.51,180.4,1,12
4,2,36.4,8.87,145.5,1,12
10,4,23.1,8.83,131.8,2,11
9,4,23.4,9.49,147.7,2,11
10,5,21.2,9.03,149.9,2,12
8,0,18.9,10.82,107.0,2,16
4,1,32.2,9.79,157.1,1,9
8,1,26.9,10.65,150.0,2,17
4,3,28.4,9.49,102.6,1,9
3,1,38.2,8.77,142.7,0,17
5,2,38.7,7.52,128.8,1,8
10,3,14.8,8.39,135.9,2,13
6,3,33.2,8.69,118.2,1,10
4,1,29.8,8.6,153.3,1,6
5,0,24.3,10.68,180.2,1,13
3,2,30.6,10.66,150.3,0,12
7,2,14.2,12.15,145.5,1,16
4,1,39.7,8.58,150.7,1,8
6,2,27.6,11.42,141.1,1,17
4,1,21.1,11.41,123.0,1,16
4,0,23.3,9.22,145.5,1,15
10,3,14.4,10.07,162.6,2,15
4,3,25.5,10.99,131.6,1,13
1,0,24.1,9.43,112.1,0,10
4,1,17.4,9.34,104.8,1,9
6,1,34.2,8.75,131.7,1,12
1,0,38.2,6.67,141.9,0,14
4,1,27.8,9.58,134.7,1,5
2,0,25.6,8.65,131.3,0,12
6,2,31.5,8.21,156.4,1,9
8,5,27.8,10.01,154.3,2,16
10,0,19.3,7.76,149.0,2,8
4,1,22.8,10.47,161.3,1,10
9,4,25.6,10.08,131.9,2,8
3,0,27.6,9.02,123.1,0,8
8,1,28.1,9.42,134.6,2,14
6,3,29.7,8.07,133.2,1,9
8,3,15.8,10.4,104.0,2,16
8,1,33.3,9.49,134.1,2,13
6,1,28.0,9.81,167.1,1,14
3,2,48.4,10.1,161.0,0,15
6,2,24.9,8.73,155.5,1,8
9,4,30.6,7.68,147.6,2,12
10,2,50.6,10.65,174.0,2,19
10,1,29.6,10.33,123.8,2,14
2,2,27.5,8.86,125.7,0,6
6,3,20.1,9.99,167.5,1,12
2,1,40.2,11.01,145.6,0,23
7,2,18.7,10.87,131.6,1,15
10,3,31.4,8.82,156.0,2,13
1,1,24.2,7.71,136.2,0,12
7,0,26.5,7.92,128.2,1,9
10,2,16.6,9.13,127.7,2,10
9,5,38.7,11.25,151.4,2,16
4,1,25.8,8.63,149.1,1,8
2,1,18.3,8.78,175.3,0,10
10,2,38.0,8.76,139.2,2,28
10,5,24.0,8.86,138.9,2,9
6,2,30.7,9.49,173.8,1,17
10,6,34.7,7.96,164.7,2,19
1,0,31.8,10.8,147.9,0,17
7,3,10.4,9.33,113.8,1,3
1,0,33.6,12.47,128.8,0,11
10,5,27.2,8.09,123.9,2,13
7,0,25.4,11.41,145.7,1,16
10,4,27.1,11.17,134.8,2,17
6,2,15.1,9.01,177.1,1,9
1,1,29.5,9.03,113.6,0,6
1,0,17.1,8.39,121.8,0,10
4,1,25.7,8.41,149.9,1,5
8,2,29.3,9.5,155.4,2,14
2,0,36.6,9.52,93.3,0,14
9,7,21.4,7.58,110.3,2,9
3,1,27.6,9.49,139.7,0,21
5,1,35.6,9.19,172.1,1,17
3,1,24.6,9.58,182.8,0,13
5,2,19.1,8.75,136.7,1,10
5,2,16.4,9.18,141.6,1,7
1,0,30.2,9.07,128.3,0,12
6,2,22.1,9.5,145.5,1,10
8,8,37.6,9.48,175.6,2,18
10,4,22.6,10.47,170.1,2,18
4,2,20.8,9.77,144.4,1,3
9,0,29.9,10.35,128.2,2,11
9,1,22.5,9.49,145.2,2,10
10,4,28.1,9.78,172.6,2,13
4,0,35.9,9.21,137.0,1,13
9,5,28.9,10.7,108.7,2,13
6,2,29.0,9.89,137.8,1,8
1,1,29.6,9.31,139.4,0,9
3,2,14.5,9.27,108.6,0,9
7,2,31.1,9.37,149.6,1,14
2,0,29.3,9.54,155.1,0,14
5,0,35.1,9.43,182.2,1,12
8,2,27.6,8.83,118.4,2,10
2,1,26.4,10.42,159.6,0,11
5,1,36.3,10.49,164.3,1,17
3,2,25.7,11.64,155.4,0,13
6,3,30.0,8.78,124.9,1,5
3,2,25.5,10.3,123.7,0,12
10,2,31.7,7.21,146.9,2,13
1,0,25.0,10.49,146.8,0,16
10,3,41.2,7.75,133.8,2,21
8,4,44.1,8.32,170.8,2,13
9,0,35.0,9.9,137.0,2,26
9,3,40.3,8.75,107.1,2,10
2,0,15.7,8.59,140.5,0,8
10,2,16.6,8.92,154.6,2,14
6,1,25.4,10.38,151.8,1,14
10,4,28.3,8.38,151.7,2,13
9,6,26.4,9.44,174.9,2,13
6,1,14.9,9.05,122.7,1,9
4,2,27.6,10.48,136.5,1,14
2,1,45.2,10.52,175.9,0,20
2,0,38.2,7.3,105.7,0,11
4,1,36.7,9.49,143.9,1,9
9,3,29.8,8.77,169.6,2,16
6,5,27.6,9.78,145.5,1,9
5,2,28.6,8.37,158.2,1,12
3,0,44.8,9.95,158.7,0,18
6,1,25.2,12.56,124.2,1,16
7,2,24.4,9.65,172.5,1,9
10,0,36.9,8.95,121.0,2,15
8,2,37.4,9.22,122.2,2,11
7,3,21.2,7.74,152.8,1,4
10,0,27.6,11.24,135.1,2,17
5,2,27.6,9.88,149.1,1,8
10,5,28.6,8.24,145.5,2,22
4,0,36.8,8.28,180.6,1,17
2,0,21.6,9.52,153.7,0,15
5,3,36.7,10.62,132.6,1,10
2,1,28.8,8.12,158.5,0,12
2,0,46.6,10.84,128.4,0,11
9,3,30.6,9.39,163.3,2,18
8,1,27.2,8.38,146.3,2,21
3,1,32.6,8.94,153.0,0,8
9,4,25.3,11.6,109.4,2,19
1,0,13.6,7.83,100.0,0,5
3,0,26.1,8.62,115.0,0,12
8,0,25.9,10.64,179.9,2,24
4,1,15.3,9.76,122.0,1,2
8,4,27.4,8.55,159.6,2,13
9,2,11.5,10.66,145.5,2,19
1,0,25.2,10.71,140.2,0,18
1,0,29.9,9.9,144.1,0,19
10,1,28.8,8.77,145.5,2,12
6,2,24.7,9.49,156.7,1,8
6,1,27.6,9.84,152.7,1,8
5,2,21.7,7.93,170.9,1,13
5,2,28.1,11.09,132.3,1,14
7,2,28.5,9.49,166.4,1,17
6,1,20.8,9.22,163.0,1,8
2,0,30.1,9.93,162.8,0,13
7,2,30.1,10.92,141.9,1,19
7,1,26.7,11.85,136.3,1,18
2,2,47.4,11.37,127.6,0,16
4,1,26.9,9.49,128.9,1,8
8,3,25.8,9.12,126.7,2,19
7,2,24.6,10.1,145.5,1,8
2,0,20.2,8.91,140.4,0,13
1,0,33.5,11.64,153.6,0,16
6,4,22.5,9.49,154.8,1,11
5,3,23.5,8.52,123.8,1,9
10,2,23.7,9.31,123.2,2,15
6,0,20.1,8.6,140.4,1,12
10,3,14.0,9.27,129.5,2,11
3,0,24.3,9.23,127.4,0,7
5,2,35.0,10.65,145.5,1,19
2,0,29.6,8.43,114.3,0,14
6,1,40.5,6.36,185.5,1,19
2,0,34.0,7.57,145.5,0,9
5,1,32.2,8.27,164.7,1,13
4,1,43.1,8.71,162.4,1,14
2,0,27.2,9.72,157.3,0,4
1,0,28.5,8.2,178.2,0,7
6,0,27.9,9.49,123.4,1,6
10,0,27.6,8.38,141.9,2,21
2,0,28.0,8.16,145.5,0,13
5,1,22.8,8.83,111.1,1,8
3,2,32.7,8.78,131.8,0,3
9,0,21.5,10.33,182.5,2,19
5,0,32.3,8.31,141.5,1,14
10,1,27.6,9.07,184.7,2,25
3,0,26.5,8.85,186.7,0,18
1,1,32.5,10.47,204.9,0,12
6,5,16.1,9.31,183.1,1,9
7,1,29.3,10.76,192.2,1,16
10,2,24.3,8.12,151.5,2,14
9,3,50.9,9.44,149.6,2,23
9,3,27.6,8.81,150.9,2,10
7,1,23.2,8.03,145.0,1,6
4,2,17.0,9.42,148.0,1,10
5,4,38.4,11.58,160.0,1,13
2,0,25.2,8.48,135.7,0,14
5,2,21.7,9.35,117.4,1,9
4,0,30.7,7.93,152.3,1,6
1,0,33.2,7.75,131.1,0,15
3,0,33.1,8.56,133.2,0,9
6,1,28.2,8.96,142.1,1,13
4,1,29.3,9.49,137.6,1,8
10,3,29.9,9.23,167.2,2,11
5,3,30.7,7.52,141.7,1,14
10,4,31.4,8.75,168.2,2,16
7,1,36.8,9.49,149.1,1,14
1,1,28.5,7.87,143.2,0,14
3,0,21.5,9.07,148.2,0,15
8,2,26.8,9.85,119.2,2,12
6,2,34.0,8.56,151.8,1,7
4,2,13.7,9.91,162.0,1,17
6,4,13.8,7.67,164.8,1,4
10,4,35.3,10.57,118.0,2,18
4,1,40.2,9.94,114.6,1,10
1,0,17.9,9.57,134.3,0,7
4,0,28.8,10.85,172.7,1,14
10,3,24.8,9.1,149.4,2,20
8,8,25.9,8.76,129.5,2,18
9,6,30.4,11.15,115.9,2,11
10,7,17.7,11.71,131.3,2,19
2,1,19.1,8.67,130.0,0,10
3,1,25.6,9.49,163.7,0,9
1,0,26.8,10.75,165.3,0,18
1,0,19.0,9.41,124.0,0,10
9,3,34.3,10.21,160.1,2,20
10,1,24.7,10.44,158.0,2,17
2,1,24.6,8.83,121.4,0,11
8,5,27.6,10.0,143.3,2,19
6,0,27.0,9.49,151.8,1,12
1,0,34.7,8.04,148.3,0,10
10,5,20.5,8.31,145.5,2,12
9,1,16.8,8.72,147.6,2,15
6,3,25.5,10.61,157.7,1,7
8,1,28.5,10.65,176.6,2,12
4,1,18.1,10.4,131.6,1,13
8,3,16.9,10.03,134.1,2,14
5,1,29.5,10.0,140.8,1,8
10,3,21.9,9.83,150.8,2,14
1,0,16.4,9.99,146.9,0,12
2,2,35.7,10.07,157.1,0,9
10,0,22.9,7.81,122.5,2,11
3,1,37.2,8.55,152.9,0,12
4,0,28.2,9.49,130.2,1,14
8,2,30.4,10.83,145.5,2,13
2,2,26.3,11.48,179.2,0,6
6,1,10.0,6.9,117.0,1,9
3,0,18.9,11.38,139.4,0,13
2,0,27.0,9.49,145.5,0,12
10,2,30.9,10.72,148.1,2,15
2,0,13.7,10.11,166.0,0,9
1,1,27.6,11.23,148.4,0,21
7,2,19.0,9.75,142.7,1,8
9,3,29.9,7.86,171.6,2,23
2,0,27.8,9.37,151.6,0,13
8,3,33.9,10.12,161.4,2,16
6,1,36.5,9.24,159.3,1,12
9,3,31.7,10.29,87.5,2,25
2,1,34.9,9.42,143.5,0,13
10,5,25.2,8.79,123.4,2,11
7,2,50.6,8.2,128.4,1,10
9,4,18.2,9.03,174.5,2,11
4,0,23.8,9.75,137.5,1,11
10,3,35.2,7.15,182.9,2,19
7,0,34.0,8.56,116.8,1,19
2,2,27.6,7.1,123.3,0,8
10,1,33.4,8.76,160.2,2,20
8,1,27.6,10.94,138.2,2,11
4,0,27.6,8.08,151.1,1,10
6,1,26.4,10.34,142.8,1,16
4,2,38.0,12.92,142.1,1,11
6,2,11.7,11.24,138.9,1,14
10,3,30.1,9.66,148.6,2,12
9,2,23.5,10.53,157.8,2,19
3,1,32.6,7.86,177.3,0,10
10,5,30.5,7.61,140.9,2,15
5,1,27.6,9.53,137.1,1,11
8,0,19.5,9.98,134.6,2,12
8,5,27.5,10.81,145.5,2,17
5,3,26.6,8.82,158.8,1,12
5,1,32.0,9.73,107.0,1,14
5,2,35.9,9.69,106.1,1,14
9,1,29.2,9.34,128.4,2,17
4,3,17.8,9.41,149.6,1,5
3,3,28.9,8.47,144.3,0,18
4,1,48.9,9.84,155.3,1,15
2,0,41.2,9.73,141.5,0,13
4,1,10.0,8.97,172.9,1,5
2,0,28.5,10.3,160.4,0,13
1,0,35.5,9.49,146.6,0,19
8,0,26.5,10.31,167.9,2,15
1,0,24.3,8.25,112.0,0,14
6,4,25.9,9.62,143.3,1,10
8,4,32.4,9.49,147.8,2,15
8,7,18.8,9.62,157.0,2,10
5,0,37.5,8.41,110.7,1,18
2,0,27.6,11.03,139.8,0,12
10,4,20.5,10.44,153.0,2,16
9,3,37.0,10.88,154.5,2,16
7,0,15.6,10.76,168.7,1,21
1,0,23.6,9.18,160.2,0,19
1,0,23.4,8.99,143.8,0,11
4,1,45.2,9.49,158.5,1,14
2,0,22.5,9.3,141.0,0,8
9,3,10.8,7.87,147.9,2,4
3,0,23.3,10.71,160.9,0,14
3,3,31.6,9.67,144.1,0,13
10,3,34.3,11.31,152.2,2,17
9,5,46.2,9.79,164.2,2,11
3,1,39.3,9.48,159.2,0,17
4,2,29.5,11.33,169.7,1,11
6,1,20.9,7.65,191.6,1,7
7,3,41.0,8.8,159.1,1,17
10,2,25.1,8.44,135.8,2,17
9,2,22.7,6.87,155.2,2,9
10,1,24.7,10.55,154.4,2,15
1,0,18.0,8.83,157.3,0,13
3,0,24.3,10.59,174.9,0,10
6,2,26.1,9.97,111.3,1,8
1,0,33.8,10.23,175.3,0,16
4,2,24.9,8.95,182.0,1,13
2,0,17.9,8.58,156.4,0,7
10,3,15.2,9.61,156.8,2,11
1,0,29.7,10.6,140.2,0,10
2,1,28.6,9.49,145.1,0,15
2,0,23.6,8.66,159.0,0,12
2,0,24.3,8.06,157.7,0,14
6,3,31.1,9.74,159.4,1,6
4,2,39.1,8.84,157.5,1,11
10,4,21.8,9.41,163.0,2,13
3,1,28.7,9.21,160.7,0,8
6,5,35.7,8.97,124.5,1,9
7,3,21.8,9.85,161.6,1,12
7,2,27.9,10.17,182.2,1,18
8,1,27.7,11.86,144.5,2,17
3,1,17.5,10.41,175.0,0,13
6,0,29.3,11.41,126.7,1,14
9,4,28.3,8.52,144.4,2,19
9,3,32.4,7.58,145.5,2,14
7,0,18.5,9.48,172.6,1,11
7,2,28.1,10.53,177.8,1,15
9,1,39.1,10.34,143.0,2,14
7,1,44.6,10.95,168.4,1,14
10,5,38.2,6.46,178.0,2,7
2,0,18.6,11.0,144.3,0,14
4,1,31.6,9.9,147.6,1,11
2,2,24.1,7.65,159.7,0,9
1,0,30.3,10.37,128.1,0,19
5,2,21.8,9.7,147.2,1,5
3,0,14.3,9.96,187.9,0,8
5,1,25.2,10.7,135.0,1,9
5,1,33.8,10.02,162.1,1,16
7,3,27.6,7.73,155.5,1,10
10,2,31.2,9.33,141.7,2,19
9,1,29.7,7.56,149.4,2,18
4,2,31.2,10.28,180.1,1,16
4,4,27.6,11.18,145.5,1,14
8,2,25.8,8.01,159.2,2,14
2,0,28.7,8.69,177.0,0,9
6,1,41.9,8.44,139.2,1,9
5,1,29.1,8.96,124.1,1,4
2,0,28.3,9.99,180.4,0,13
7,1,28.8,8.97,147.7,1,13
4,2,27.6,10.28,145.5,1,17
2,0,24.5,10.78,129.8,0,9
7,3,29.7,10.82,152.8,1,6
2,2,24.0,8.16,123.1,0,9
7,1,26.8,11.16,146.3,1,8
2,0,21.7,11.26,145.5,0,14
5,4,28.9,11.36,127.4,1,10
9,4,32.7,9.31,138.9,2,16
3,4,26.3,8.6,99.1,0,10
8,0,11.9,8.32,121.8,2,12
8,3,32.7,8.18,160.6,2,26
10,5,29.0,9.51,152.0,2,12
2,0,20.1,10.52,123.5,0,7
8,0,34.2,11.07,156.0,2,14
10,3,16.8,8.92,127.4,2,11
8,3,36.4,9.45,159.4,2,19
2,0,27.5,9.49,142.7,0,16
9,4,10.0,8.74,138.5,2,11
2,1,29.4,10.38,143.2,0,10
6,2,24.8,9.94,196.2,1,12
5,2,23.5,9.67,129.8,1,14
6,5,22.1,9.93,149.5,1,7
6,4,27.0,10.24,160.6,1,8
1,1,24.1,10.23,125.8,0,23
6,4,13.1,8.49,113.1,1,11
10,2,38.2,10.58,133.0,2,15
5,2,26.0,9.81,160.2,1,9
3,0,22.1,8.98,145.5,0,14
10,3,19.0,9.78,140.4,2,12
1,0,34.2,9.91,163.2,0,8
5,1,17.6,10.8,128.9,1,16
6,2,29.1,8.24,143.2,1,8
5,2,23.3,11.09,114.7,1,7
10,1,23.8,9.53,151.4,2,9
5,3,19.2,8.89,149.6,1,8
10,3,23.0,8.86,160.9,2,16
1,0,28.1,8.3,122.1,0,14
8,3,29.9,7.41,141.2,2,9
6,1,21.7,10.31,119.4,1,17
3,1,27.3,11.88,140.1,0,14
3,0,35.1,7.56,174.6,0,12
8,3,14.7,9.49,138.6,2,9
7,0,27.9,10.4,145.5,1,13
7,0,20.4,9.45,131.4,1,12
1,0,19.6,10.5,112.8,0,11
6,1,30.1,9.38,119.1,1,14
10,5,23.6,8.8,158.4,2,13
1,0,18.3,9.23,116.1,0,5
5,1,38.6,6.64,151.2,1,6
5,0,35.4,8.13,145.5,1,11
9,3,12.5,10.64,134.4,2,11
3,0,16.2,10.93,149.5,0,14
5,2,32.7,11.19,126.2,1,18
8,4,25.7,10.03,161.8,2,13
1,0,40.0,6.79,131.0,0,8
9,3,32.9,8.74,137.3,2,14
9,3,30.4,11.09,134.9,2,13
8,4,19.8,9.49,158.8,2,14
7,2,31.9,11.14,155.9,1,24
8,3,17.8,9.22,92.6,2,10
8,2,38.4,7.93,150.1,2,13
10,2,27.6,9.45,110.1,2,25
5,2,21.4,9.52,138.2,1,12
5,3,27.6,11.38,142.8,1,12
7,0,45.9,9.77,138.0,1,16
2,1,26.3,9.52,155.0,0,12
9,3,32.4,9.59,159.4,2,17
8,6,24.5,9.98,129.5,2,16
7,3,28.7,10.25,128.8,1,11
4,0,15.9,8.63,144.3,1,14
4,2,28.0,8.23,145.5,1,7
5,1,28.3,11.14,135.5,1,9
7,5,42.4,7.53,172.0,1,10
